-- ============================================================
-- RCM Revenue Benchmarking
-- Seed Data: seed_data.sql (synthetic dataset, MySQL syntax)
-- ============================================================

INSERT INTO providers (provider_id, provider_name, specialty, location) VALUES
(1, 'Dr. Laura Lee', 'Pediatrics', 'Dallas, TX'),
(2, 'Dr. Sarah Chen', 'Family Medicine', 'Houston, TX'),
(3, 'Dr. Priya Smith', 'Dermatology', 'Austin, TX'),
(4, 'Dr. James Johnson', 'Pediatrics', 'San Antonio, TX'),
(5, 'Dr. Sarah Patel', 'Family Medicine', 'Fort Worth, TX'),
(6, 'Dr. Robert Smith', 'Dermatology', 'Dallas, TX'),
(7, 'Dr. Emily Martinez', 'Internal Medicine', 'Fort Worth, TX'),
(8, 'Dr. James Khan', 'Dermatology', 'San Antonio, TX'),
(9, 'Dr. James Patel', 'Family Medicine', 'Fort Worth, TX'),
(10, 'Dr. Mei Lee', 'Orthopedics', 'San Antonio, TX'),
(11, 'Dr. Michael Chen', 'Family Medicine', 'Fort Worth, TX'),
(12, 'Dr. David Chen', 'Internal Medicine', 'Austin, TX'),
(13, 'Dr. Sarah Khan', 'Dermatology', 'Austin, TX'),
(14, 'Dr. Laura Johnson', 'Dermatology', 'Dallas, TX'),
(15, 'Dr. Priya Smith', 'Dermatology', 'Austin, TX');

INSERT INTO payers (payer_id, payer_name, payer_type) VALUES
(1, 'Blue Cross Blue Shield', 'Commercial'),
(2, 'UnitedHealthcare', 'Commercial'),
(3, 'Aetna', 'Commercial'),
(4, 'Cigna', 'Commercial'),
(5, 'Medicare', 'Medicare'),
(6, 'Medicaid TX', 'Medicaid'),
(7, 'Self-Pay', 'Self-Pay');

INSERT INTO claims (claim_id, provider_id, payer_id, service_date, submission_date, billed_amount, allowed_amount, claim_status, resubmission_count) VALUES
(1, 11, 5, '2023-01-01', '2023-01-08', 1727.73, 1588.43, 'paid', 0),
(2, 2, 5, '2023-01-01', '2023-01-06', 1193.42, 1004.59, 'paid', 0),
(3, 2, 5, '2023-01-01', '2023-01-08', 429.72, 396.76, 'paid', 0),
(4, 6, 6, '2023-01-02', '2023-01-08', 1340.06, 981.57, 'paid', 1),
(5, 8, 6, '2023-01-02', '2023-01-04', 208.62, 168.74, 'paid', 2),
(6, 1, 4, '2023-01-03', '2023-01-09', 436.26, 250.23, 'paid', 0),
(7, 4, 4, '2023-01-03', '2023-01-10', 2023.65, 1247.67, 'paid', 0),
(8, 12, 4, '2023-01-04', '2023-01-10', 1527.37, 981.03, 'paid', 0),
(9, 11, 2, '2023-01-04', '2023-01-05', 1108.12, 725.93, 'paid', 0),
(10, 12, 7, '2023-01-05', '2023-01-14', 2094.47, 1771.74, 'paid', 0),
(11, 7, 4, '2023-01-06', '2023-01-13', 299.5, 172.18, 'paid', 0),
(12, 1, 1, '2023-01-06', '2023-01-07', 1281.58, 1191.33, 'paid', 0),
(13, 4, 5, '2023-01-06', '2023-01-13', 394.93, 272.09, 'paid', 0),
(14, 8, 4, '2023-01-07', '2023-01-12', 262.08, 180.06, 'paid', 0),
(15, 3, 5, '2023-01-07', '2023-01-08', 515.06, 357.81, 'paid', 0),
(16, 11, 7, '2023-01-07', '2023-01-09', 1555.94, 1083.99, 'paid', 0),
(17, 11, 2, '2023-01-08', '2023-01-18', 1800.4, 1604.25, 'paid', 1),
(18, 9, 4, '2023-01-08', '2023-01-14', 1629.73, 1411.42, 'paid', 0),
(19, 8, 7, '2023-01-09', '2023-01-15', 2104.6, 1343.12, 'paid', 0),
(20, 15, 5, '2023-01-09', '2023-01-10', 1096.48, 953.78, 'paid', 0),
(21, 13, 6, '2023-01-10', '2023-01-14', 1093.43, 946.53, 'paid', 0),
(22, 7, 6, '2023-01-10', '2023-01-12', 1616.57, 971.26, 'paid', 0),
(23, 13, 6, '2023-01-10', '2023-01-13', 1376.54, 1018.29, 'paid', 1),
(24, 7, 7, '2023-01-12', '2023-01-16', 1831.45, 1100.21, 'denied', 1),
(25, 5, 5, '2023-01-13', '2023-01-20', 1848.49, 1471.34, 'denied', 1),
(26, 14, 5, '2023-01-13', '2023-01-16', 1207.47, 673.14, 'paid', 0),
(27, 3, 2, '2023-01-15', '2023-01-23', 1392.49, 800.27, 'paid', 0),
(28, 4, 3, '2023-01-17', '2023-01-18', 1717.19, 1330.29, 'paid', 0),
(29, 6, 5, '2023-01-18', '2023-01-27', 1365.01, 902.1, 'paid', 0),
(30, 9, 3, '2023-01-18', '2023-01-27', 1972.64, 1438.08, 'paid', 0),
(31, 6, 1, '2023-01-18', '2023-01-22', 988.08, 663.11, 'paid', 0),
(32, 3, 3, '2023-01-19', '2023-01-22', 2131.19, 1984.14, 'paid', 0),
(33, 11, 7, '2023-01-19', '2023-01-23', 422.31, 319.37, 'paid', 0),
(34, 9, 4, '2023-01-21', '2023-01-29', 1570.68, 1188.96, 'paid', 0),
(35, 2, 7, '2023-01-21', '2023-01-25', 2140.0, 1297.32, 'denied', 0),
(36, 14, 4, '2023-01-22', '2023-01-27', 940.61, 711.02, 'paid', 0),
(37, 7, 1, '2023-01-23', '2023-01-28', 2069.3, 1801.64, 'paid', 0),
(38, 14, 1, '2023-01-25', '2023-02-02', 104.48, 74.92, 'paid', 1),
(39, 2, 2, '2023-01-25', '2023-01-30', 186.81, 126.06, 'paid', 0),
(40, 8, 5, '2023-01-26', '2023-01-29', 653.51, 619.4, 'paid', 0),
(41, 9, 4, '2023-01-26', '2023-01-30', 2061.44, 1809.05, 'paid', 0),
(42, 9, 3, '2023-01-27', '2023-01-31', 2162.77, 1909.54, 'paid', 0),
(43, 1, 7, '2023-01-27', '2023-01-30', 110.22, 99.41, 'paid', 0),
(44, 11, 7, '2023-01-27', '2023-02-03', 1925.54, 1276.2, 'paid', 0),
(45, 1, 3, '2023-01-28', '2023-02-03', 2118.99, 1629.14, 'paid', 0),
(46, 5, 2, '2023-01-28', '2023-02-03', 467.87, 273.03, 'paid', 0),
(47, 2, 3, '2023-01-28', '2023-01-30', 384.99, 272.42, 'paid', 0),
(48, 11, 6, '2023-01-30', '2023-02-09', 905.77, 854.95, 'paid', 0),
(49, 12, 6, '2023-01-31', '2023-02-09', 375.33, 282.15, 'paid', 1),
(50, 14, 6, '2023-01-31', '2023-02-10', 1771.69, 1651.98, 'paid', 0),
(51, 2, 4, '2023-01-31', '2023-02-08', 1264.08, 1011.88, 'paid', 0),
(52, 13, 1, '2023-02-02', '2023-02-11', 1983.46, 1508.22, 'paid', 0),
(53, 4, 6, '2023-02-02', '2023-02-06', 569.16, 417.84, 'paid', 1),
(54, 15, 6, '2023-02-02', '2023-02-07', 1705.98, 1376.91, 'paid', 0),
(55, 10, 5, '2023-02-03', '2023-02-06', 106.43, 64.66, 'denied', 0),
(56, 11, 4, '2023-02-03', '2023-02-08', 1582.81, 1165.52, 'paid', 0),
(57, 5, 1, '2023-02-04', '2023-02-12', 117.11, 102.82, 'paid', 2),
(58, 2, 5, '2023-02-05', '2023-02-07', 380.49, 354.27, 'paid', 0),
(59, 15, 1, '2023-02-06', '2023-02-12', 570.53, 424.73, 'paid', 0),
(60, 5, 6, '2023-02-06', '2023-02-09', 962.3, 575.81, 'paid', 0),
(61, 14, 4, '2023-02-07', '2023-02-09', 2072.55, 1149.62, 'paid', 0),
(62, 14, 5, '2023-02-07', '2023-02-09', 844.7, 557.55, 'paid', 0),
(63, 11, 2, '2023-02-08', '2023-02-12', 2138.6, 1446.21, 'paid', 0),
(64, 13, 6, '2023-02-08', '2023-02-15', 2016.46, 1552.05, 'paid', 0),
(65, 8, 5, '2023-02-09', '2023-02-12', 1446.32, 823.81, 'paid', 1),
(66, 5, 3, '2023-02-09', '2023-02-14', 941.16, 699.54, 'paid', 0),
(67, 11, 2, '2023-02-09', '2023-02-11', 520.69, 389.91, 'paid', 0),
(68, 9, 2, '2023-02-10', '2023-02-14', 272.31, 159.69, 'paid', 0),
(69, 15, 1, '2023-02-11', '2023-02-18', 891.62, 565.29, 'paid', 0),
(70, 3, 6, '2023-02-12', '2023-02-21', 1201.96, 1069.09, 'paid', 0),
(71, 7, 4, '2023-02-12', '2023-02-20', 995.49, 871.79, 'paid', 2),
(72, 10, 4, '2023-02-13', '2023-02-14', 235.05, 216.54, 'paid', 0),
(73, 8, 2, '2023-02-13', '2023-02-15', 554.46, 520.5, 'paid', 0),
(74, 15, 4, '2023-02-13', '2023-02-15', 1249.18, 1015.48, 'denied', 0),
(75, 3, 6, '2023-02-14', '2023-02-19', 1199.9, 1026.56, 'paid', 0),
(76, 10, 2, '2023-02-14', '2023-02-21', 633.07, 348.48, 'paid', 0),
(77, 8, 5, '2023-02-15', '2023-02-19', 1239.64, 824.02, 'denied', 1),
(78, 8, 6, '2023-02-16', '2023-02-23', 251.92, 181.31, 'paid', 0),
(79, 12, 4, '2023-02-17', '2023-02-23', 1527.04, 1326.73, 'paid', 0),
(80, 5, 7, '2023-02-17', '2023-02-21', 569.31, 486.3, 'paid', 0),
(81, 10, 2, '2023-02-18', '2023-02-22', 1108.31, 634.58, 'paid', 0),
(82, 10, 2, '2023-02-18', '2023-02-25', 189.9, 124.83, 'denied', 1),
(83, 2, 2, '2023-02-18', '2023-02-24', 484.25, 367.99, 'paid', 0),
(84, 14, 3, '2023-02-19', '2023-02-25', 1017.96, 591.74, 'paid', 0),
(85, 13, 2, '2023-02-19', '2023-02-26', 836.05, 734.72, 'paid', 0),
(86, 8, 2, '2023-02-19', '2023-02-25', 1228.04, 834.24, 'paid', 0),
(87, 1, 4, '2023-02-20', '2023-02-21', 1063.79, 611.47, 'paid', 0),
(88, 10, 3, '2023-02-20', '2023-02-26', 657.31, 523.74, 'paid', 0),
(89, 1, 6, '2023-02-20', '2023-03-02', 2022.89, 1875.83, 'paid', 0),
(90, 12, 4, '2023-02-21', '2023-02-28', 1754.37, 1536.69, 'paid', 0),
(91, 5, 7, '2023-02-21', '2023-02-24', 1367.38, 926.84, 'paid', 0),
(92, 2, 5, '2023-02-21', '2023-02-25', 910.37, 649.19, 'paid', 0),
(93, 15, 1, '2023-02-22', '2023-02-24', 641.57, 377.61, 'paid', 0),
(94, 8, 2, '2023-02-22', '2023-02-26', 361.81, 327.98, 'paid', 0),
(95, 13, 7, '2023-02-22', '2023-02-27', 702.82, 491.4, 'paid', 0),
(96, 3, 2, '2023-02-23', '2023-02-27', 405.04, 316.46, 'paid', 0),
(97, 11, 7, '2023-02-24', '2023-02-26', 1465.05, 865.75, 'paid', 0),
(98, 15, 3, '2023-02-25', '2023-02-26', 1938.99, 1105.53, 'paid', 0),
(99, 9, 7, '2023-02-25', '2023-02-28', 1032.12, 888.77, 'paid', 1),
(100, 10, 6, '2023-02-25', '2023-03-07', 821.36, 522.39, 'denied', 0),
(101, 14, 1, '2023-02-27', '2023-03-05', 947.07, 756.15, 'paid', 0),
(102, 2, 7, '2023-02-28', '2023-03-07', 1487.74, 1061.65, 'denied', 0),
(103, 7, 3, '2023-02-28', '2023-03-05', 965.83, 770.86, 'denied', 1),
(104, 1, 7, '2023-02-28', '2023-03-06', 1446.29, 1029.74, 'paid', 1),
(105, 7, 1, '2023-03-01', '2023-03-03', 941.18, 691.17, 'paid', 0),
(106, 2, 5, '2023-03-02', '2023-03-12', 2045.72, 1265.63, 'paid', 0),
(107, 3, 1, '2023-03-02', '2023-03-04', 893.52, 774.55, 'paid', 1),
(108, 15, 4, '2023-03-02', '2023-03-08', 193.15, 136.2, 'paid', 1),
(109, 11, 7, '2023-03-03', '2023-03-07', 1396.63, 877.71, 'paid', 0),
(110, 7, 3, '2023-03-04', '2023-03-06', 396.87, 347.76, 'paid', 0),
(111, 2, 4, '2023-03-06', '2023-03-16', 1046.16, 900.99, 'paid', 0),
(112, 6, 4, '2023-03-06', '2023-03-15', 1009.31, 754.52, 'denied', 1),
(113, 13, 5, '2023-03-07', '2023-03-15', 1853.48, 1316.22, 'paid', 0),
(114, 6, 1, '2023-03-07', '2023-03-15', 1149.21, 650.75, 'paid', 0),
(115, 2, 1, '2023-03-07', '2023-03-16', 1977.12, 1707.63, 'paid', 0),
(116, 3, 4, '2023-03-09', '2023-03-14', 2108.08, 1298.67, 'paid', 0),
(117, 3, 3, '2023-03-10', '2023-03-20', 662.98, 402.71, 'paid', 0),
(118, 4, 5, '2023-03-10', '2023-03-15', 1385.64, 968.43, 'paid', 0),
(119, 15, 4, '2023-03-11', '2023-03-14', 1759.3, 1508.26, 'paid', 0),
(120, 14, 4, '2023-03-11', '2023-03-20', 1185.48, 1076.94, 'paid', 0),
(121, 5, 4, '2023-03-12', '2023-03-18', 1304.0, 1116.04, 'paid', 0),
(122, 12, 1, '2023-03-12', '2023-03-17', 1818.03, 1464.78, 'paid', 2),
(123, 3, 3, '2023-03-15', '2023-03-25', 1406.31, 978.28, 'paid', 0),
(124, 5, 1, '2023-03-20', '2023-03-29', 837.16, 655.86, 'paid', 0),
(125, 3, 1, '2023-03-20', '2023-03-24', 1579.84, 909.15, 'paid', 0),
(126, 7, 7, '2023-03-21', '2023-03-26', 2130.33, 1764.66, 'denied', 1),
(127, 10, 5, '2023-03-21', '2023-03-29', 606.81, 344.43, 'paid', 0),
(128, 3, 4, '2023-03-24', '2023-03-28', 1178.71, 953.62, 'paid', 0),
(129, 2, 3, '2023-03-25', '2023-03-26', 2187.41, 1621.24, 'paid', 0),
(130, 2, 6, '2023-03-25', '2023-04-02', 451.83, 295.75, 'paid', 0),
(131, 12, 1, '2023-03-26', '2023-03-31', 1428.04, 1177.12, 'paid', 1),
(132, 15, 2, '2023-03-26', '2023-03-28', 1945.7, 1175.49, 'denied', 0),
(133, 12, 3, '2023-03-27', '2023-03-31', 1945.95, 1256.44, 'paid', 1),
(134, 8, 7, '2023-03-28', '2023-04-06', 1558.95, 1130.06, 'paid', 0),
(135, 10, 5, '2023-03-28', '2023-03-30', 1278.23, 719.85, 'paid', 0),
(136, 3, 3, '2023-03-28', '2023-03-31', 1565.57, 869.46, 'denied', 0),
(137, 4, 7, '2023-03-31', '2023-04-09', 1969.51, 1668.41, 'denied', 1),
(138, 4, 2, '2023-03-31', '2023-04-02', 151.78, 138.79, 'paid', 0),
(139, 2, 2, '2023-04-01', '2023-04-03', 1758.97, 1174.61, 'paid', 0),
(140, 6, 3, '2023-04-01', '2023-04-06', 182.63, 166.95, 'paid', 0),
(141, 12, 1, '2023-04-01', '2023-04-08', 146.25, 86.19, 'paid', 0),
(142, 12, 7, '2023-04-02', '2023-04-04', 1298.03, 940.32, 'paid', 0),
(143, 8, 1, '2023-04-03', '2023-04-11', 1553.84, 1455.73, 'paid', 0),
(144, 9, 3, '2023-04-03', '2023-04-13', 2081.0, 1323.28, 'paid', 0),
(145, 13, 6, '2023-04-05', '2023-04-14', 1748.3, 1210.26, 'paid', 0),
(146, 15, 6, '2023-04-05', '2023-04-07', 974.92, 681.25, 'paid', 0),
(147, 15, 6, '2023-04-05', '2023-04-09', 2081.11, 1535.1, 'denied', 2),
(148, 10, 3, '2023-04-06', '2023-04-15', 409.29, 333.51, 'paid', 0),
(149, 8, 6, '2023-04-06', '2023-04-11', 1307.84, 895.62, 'denied', 0),
(150, 5, 7, '2023-04-07', '2023-04-17', 407.74, 244.25, 'denied', 1),
(151, 3, 2, '2023-04-07', '2023-04-13', 2106.28, 1963.03, 'paid', 2),
(152, 3, 7, '2023-04-08', '2023-04-13', 1634.58, 1027.29, 'paid', 0),
(153, 15, 4, '2023-04-09', '2023-04-17', 151.94, 131.64, 'paid', 0),
(154, 5, 5, '2023-04-10', '2023-04-17', 91.7, 81.72, 'paid', 0),
(155, 14, 2, '2023-04-11', '2023-04-21', 1887.18, 1522.23, 'paid', 0),
(156, 7, 2, '2023-04-11', '2023-04-18', 1591.88, 1034.76, 'paid', 0),
(157, 10, 7, '2023-04-11', '2023-04-18', 1178.69, 1059.87, 'paid', 1),
(158, 9, 2, '2023-04-14', '2023-04-17', 1598.38, 1006.86, 'paid', 0),
(159, 8, 5, '2023-04-14', '2023-04-18', 1600.67, 1289.67, 'paid', 1),
(160, 11, 2, '2023-04-15', '2023-04-22', 1169.24, 984.08, 'paid', 0),
(161, 5, 4, '2023-04-16', '2023-04-23', 210.39, 182.23, 'denied', 1),
(162, 2, 2, '2023-04-16', '2023-04-21', 1651.92, 1256.83, 'paid', 0),
(163, 15, 7, '2023-04-17', '2023-04-19', 1796.29, 1325.06, 'paid', 0),
(164, 6, 6, '2023-04-18', '2023-04-25', 1072.37, 824.98, 'paid', 0),
(165, 12, 4, '2023-04-19', '2023-04-24', 2163.73, 1606.85, 'paid', 1),
(166, 6, 2, '2023-04-19', '2023-04-24', 759.08, 606.77, 'paid', 0),
(167, 1, 1, '2023-04-20', '2023-04-30', 2000.31, 1212.51, 'paid', 1),
(168, 1, 6, '2023-04-20', '2023-04-21', 524.67, 323.82, 'denied', 2),
(169, 14, 2, '2023-04-20', '2023-04-23', 1725.77, 1054.56, 'paid', 1),
(170, 4, 4, '2023-04-22', '2023-04-26', 1205.29, 874.36, 'paid', 1),
(171, 5, 4, '2023-04-22', '2023-04-26', 1833.35, 1416.96, 'paid', 0),
(172, 9, 5, '2023-04-23', '2023-04-24', 419.96, 347.88, 'paid', 0),
(173, 6, 4, '2023-04-24', '2023-05-01', 2199.89, 1368.79, 'paid', 0),
(174, 12, 3, '2023-04-24', '2023-04-26', 1162.53, 1056.77, 'paid', 0),
(175, 11, 2, '2023-04-24', '2023-04-30', 280.27, 192.41, 'paid', 0),
(176, 7, 3, '2023-04-25', '2023-05-04', 191.77, 132.72, 'paid', 0),
(177, 5, 7, '2023-04-25', '2023-05-04', 811.0, 565.17, 'denied', 0),
(178, 12, 3, '2023-04-26', '2023-04-29', 1323.28, 1142.9, 'paid', 0),
(179, 1, 4, '2023-04-26', '2023-05-01', 310.02, 256.94, 'denied', 1),
(180, 10, 2, '2023-04-27', '2023-05-07', 1937.8, 999.5, 'denied', 1),
(181, 2, 6, '2023-04-27', '2023-04-30', 1922.72, 1134.87, 'paid', 1),
(182, 14, 7, '2023-04-27', '2023-04-30', 1747.46, 1141.44, 'paid', 0),
(183, 10, 5, '2023-04-29', '2023-04-30', 1828.48, 1313.63, 'paid', 0),
(184, 2, 1, '2023-04-29', '2023-05-06', 1338.99, 1089.61, 'paid', 0),
(185, 8, 2, '2023-04-29', '2023-05-02', 1409.02, 780.22, 'paid', 0),
(186, 14, 1, '2023-05-01', '2023-05-04', 1081.34, 840.85, 'paid', 0),
(187, 12, 7, '2023-05-02', '2023-05-04', 701.46, 525.56, 'paid', 0),
(188, 5, 3, '2023-05-09', '2023-05-19', 431.91, 321.57, 'paid', 0),
(189, 11, 2, '2023-05-09', '2023-05-12', 2128.67, 1982.98, 'paid', 0),
(190, 8, 4, '2023-05-09', '2023-05-17', 2083.23, 1618.1, 'paid', 0),
(191, 14, 5, '2023-05-10', '2023-05-11', 1842.33, 1240.7, 'paid', 0),
(192, 7, 4, '2023-05-10', '2023-05-17', 1355.78, 1183.59, 'paid', 0),
(193, 14, 2, '2023-05-12', '2023-05-22', 391.64, 340.3, 'paid', 0),
(194, 8, 3, '2023-05-12', '2023-05-21', 260.33, 226.22, 'paid', 0),
(195, 8, 6, '2023-05-14', '2023-05-18', 2043.12, 1131.37, 'paid', 0),
(196, 9, 7, '2023-05-14', '2023-05-20', 1716.99, 1342.4, 'paid', 1),
(197, 10, 2, '2023-05-14', '2023-05-18', 530.91, 436.59, 'denied', 1),
(198, 13, 5, '2023-05-15', '2023-05-18', 602.17, 450.01, 'paid', 1),
(199, 8, 7, '2023-05-15', '2023-05-17', 411.05, 282.79, 'paid', 0),
(200, 14, 5, '2023-05-15', '2023-05-23', 1323.83, 1218.19, 'paid', 0),
(201, 13, 5, '2023-05-16', '2023-05-26', 2122.55, 1199.56, 'paid', 0),
(202, 9, 3, '2023-05-16', '2023-05-24', 1112.09, 1009.69, 'paid', 1),
(203, 15, 1, '2023-05-16', '2023-05-18', 625.25, 504.11, 'paid', 2),
(204, 6, 2, '2023-05-17', '2023-05-21', 444.9, 412.19, 'paid', 0),
(205, 13, 5, '2023-05-20', '2023-05-28', 198.23, 168.89, 'paid', 1),
(206, 13, 6, '2023-05-20', '2023-05-22', 1077.94, 761.05, 'paid', 0),
(207, 4, 7, '2023-05-21', '2023-05-24', 2018.31, 1487.82, 'paid', 1),
(208, 2, 5, '2023-05-21', '2023-05-27', 1964.06, 1333.4, 'denied', 0),
(209, 11, 1, '2023-05-21', '2023-05-29', 2141.3, 1378.04, 'paid', 0),
(210, 4, 6, '2023-05-22', '2023-05-23', 462.11, 418.55, 'paid', 0),
(211, 1, 3, '2023-05-22', '2023-06-01', 1859.87, 1147.76, 'paid', 0),
(212, 2, 2, '2023-05-23', '2023-06-01', 200.53, 163.9, 'paid', 0),
(213, 4, 3, '2023-05-23', '2023-05-30', 2180.96, 2006.55, 'paid', 0),
(214, 15, 2, '2023-05-23', '2023-05-24', 1844.53, 1121.0, 'paid', 0),
(215, 1, 7, '2023-05-24', '2023-06-02', 687.16, 389.08, 'paid', 0),
(216, 3, 2, '2023-05-24', '2023-05-27', 1185.9, 735.56, 'paid', 0),
(217, 13, 3, '2023-05-24', '2023-05-27', 516.79, 430.54, 'paid', 1),
(218, 1, 1, '2023-05-25', '2023-06-03', 945.22, 540.81, 'paid', 1),
(219, 2, 1, '2023-05-26', '2023-06-02', 2009.66, 1806.29, 'paid', 0),
(220, 14, 3, '2023-05-26', '2023-05-27', 426.59, 336.14, 'paid', 0),
(221, 2, 3, '2023-05-26', '2023-05-30', 1811.06, 1228.61, 'paid', 0),
(222, 14, 1, '2023-05-28', '2023-06-05', 1026.45, 843.54, 'denied', 0),
(223, 2, 2, '2023-05-28', '2023-06-07', 466.67, 280.09, 'denied', 0),
(224, 5, 1, '2023-05-29', '2023-06-08', 1430.09, 922.9, 'paid', 0),
(225, 2, 4, '2023-05-30', '2023-06-07', 1322.11, 785.35, 'paid', 0),
(226, 9, 5, '2023-05-30', '2023-06-03', 1905.51, 1484.65, 'paid', 0),
(227, 12, 4, '2023-05-31', '2023-06-10', 1860.21, 1317.5, 'paid', 1),
(228, 6, 4, '2023-05-31', '2023-06-04', 1857.77, 1648.23, 'paid', 0),
(229, 9, 1, '2023-05-31', '2023-06-06', 1176.83, 1087.08, 'paid', 0),
(230, 2, 5, '2023-06-02', '2023-06-05', 226.84, 170.56, 'paid', 0),
(231, 15, 4, '2023-06-02', '2023-06-03', 1795.65, 1623.01, 'paid', 0),
(232, 15, 6, '2023-06-03', '2023-06-13', 659.68, 606.74, 'paid', 0),
(233, 1, 3, '2023-06-03', '2023-06-05', 727.47, 435.14, 'paid', 0),
(234, 2, 4, '2023-06-04', '2023-06-14', 1211.72, 726.51, 'paid', 0),
(235, 4, 6, '2023-06-04', '2023-06-06', 1649.66, 1206.98, 'paid', 0),
(236, 4, 5, '2023-06-05', '2023-06-11', 1057.07, 840.5, 'paid', 0),
(237, 9, 5, '2023-06-05', '2023-06-12', 2135.56, 1964.02, 'paid', 0),
(238, 6, 5, '2023-06-05', '2023-06-11', 1121.78, 1060.09, 'paid', 0),
(239, 8, 6, '2023-06-06', '2023-06-07', 1176.03, 813.4, 'paid', 0),
(240, 11, 6, '2023-06-06', '2023-06-09', 963.51, 584.01, 'paid', 0),
(241, 5, 7, '2023-06-08', '2023-06-11', 955.63, 634.7, 'denied', 2),
(242, 8, 4, '2023-06-08', '2023-06-18', 397.22, 262.85, 'paid', 0),
(243, 14, 4, '2023-06-08', '2023-06-16', 690.69, 477.39, 'paid', 0),
(244, 7, 4, '2023-06-09', '2023-06-14', 470.53, 286.08, 'paid', 0),
(245, 2, 7, '2023-06-09', '2023-06-15', 766.6, 678.64, 'paid', 2),
(246, 1, 1, '2023-06-09', '2023-06-10', 623.88, 417.95, 'paid', 0),
(247, 9, 7, '2023-06-10', '2023-06-19', 1621.48, 1192.92, 'paid', 0),
(248, 2, 5, '2023-06-10', '2023-06-14', 289.81, 205.87, 'paid', 0),
(249, 15, 2, '2023-06-10', '2023-06-17', 1111.83, 889.29, 'paid', 2),
(250, 6, 3, '2023-06-11', '2023-06-17', 2154.26, 1626.55, 'paid', 0),
(251, 14, 5, '2023-06-12', '2023-06-19', 1417.93, 1242.77, 'paid', 0),
(252, 10, 5, '2023-06-12', '2023-06-14', 828.75, 666.82, 'paid', 0),
(253, 12, 6, '2023-06-14', '2023-06-23', 88.3, 78.31, 'paid', 0),
(254, 9, 5, '2023-06-14', '2023-06-19', 1926.81, 1456.16, 'paid', 0),
(255, 3, 5, '2023-06-16', '2023-06-25', 306.09, 173.92, 'denied', 2),
(256, 13, 7, '2023-06-17', '2023-06-18', 1458.21, 1139.65, 'paid', 0),
(257, 11, 1, '2023-06-17', '2023-06-27', 213.61, 170.8, 'paid', 0),
(258, 7, 5, '2023-06-17', '2023-06-18', 1012.04, 657.55, 'paid', 0),
(259, 5, 4, '2023-06-18', '2023-06-28', 614.17, 578.44, 'paid', 0),
(260, 11, 6, '2023-06-18', '2023-06-28', 549.36, 494.49, 'paid', 0),
(261, 6, 4, '2023-06-18', '2023-06-21', 96.18, 68.13, 'paid', 0),
(262, 6, 4, '2023-06-19', '2023-06-21', 2117.8, 1938.21, 'paid', 0),
(263, 7, 1, '2023-06-19', '2023-06-24', 1488.26, 911.35, 'paid', 0),
(264, 5, 5, '2023-06-19', '2023-06-22', 1256.55, 1090.65, 'paid', 0),
(265, 5, 4, '2023-06-20', '2023-06-29', 513.42, 421.07, 'paid', 1),
(266, 10, 3, '2023-06-21', '2023-06-30', 602.05, 382.31, 'paid', 1),
(267, 5, 6, '2023-06-21', '2023-06-28', 140.88, 85.66, 'paid', 0),
(268, 12, 2, '2023-06-21', '2023-06-25', 760.6, 451.48, 'paid', 0),
(269, 2, 2, '2023-06-23', '2023-06-28', 347.4, 230.31, 'paid', 0),
(270, 13, 6, '2023-06-23', '2023-06-26', 2065.89, 1439.17, 'paid', 0),
(271, 4, 7, '2023-06-24', '2023-07-01', 826.48, 514.62, 'paid', 0),
(272, 12, 2, '2023-06-24', '2023-06-25', 937.88, 677.41, 'paid', 0),
(273, 11, 6, '2023-06-24', '2023-06-27', 1276.85, 956.56, 'paid', 0),
(274, 15, 1, '2023-06-25', '2023-06-27', 1848.66, 1228.5, 'paid', 0),
(275, 4, 6, '2023-06-25', '2023-06-27', 158.72, 136.63, 'paid', 0),
(276, 12, 6, '2023-06-26', '2023-07-03', 2195.99, 1401.74, 'paid', 0),
(277, 6, 6, '2023-06-26', '2023-07-05', 1645.85, 1318.72, 'paid', 0),
(278, 12, 2, '2023-06-26', '2023-07-03', 1507.02, 1298.0, 'paid', 0),
(279, 3, 5, '2023-06-27', '2023-06-30', 2135.16, 1638.89, 'paid', 0),
(280, 6, 3, '2023-06-27', '2023-07-04', 276.18, 167.05, 'paid', 0),
(281, 3, 6, '2023-06-29', '2023-07-05', 1559.87, 1221.51, 'denied', 2),
(282, 6, 6, '2023-06-29', '2023-07-01', 1242.31, 767.36, 'paid', 0),
(283, 8, 7, '2023-06-29', '2023-07-06', 1842.08, 1134.24, 'denied', 1),
(284, 5, 2, '2023-07-02', '2023-07-04', 1567.44, 932.93, 'paid', 0),
(285, 2, 1, '2023-07-02', '2023-07-03', 1073.24, 798.72, 'paid', 0),
(286, 2, 6, '2023-07-03', '2023-07-11', 2108.27, 1820.6, 'paid', 0),
(287, 10, 6, '2023-07-03', '2023-07-08', 1464.51, 1170.11, 'denied', 0),
(288, 6, 2, '2023-07-04', '2023-07-13', 1872.94, 1156.32, 'paid', 0),
(289, 12, 5, '2023-07-04', '2023-07-10', 884.28, 612.36, 'paid', 0),
(290, 4, 1, '2023-07-05', '2023-07-06', 307.34, 282.27, 'paid', 2),
(291, 1, 2, '2023-07-05', '2023-07-13', 976.72, 926.18, 'paid', 0),
(292, 8, 6, '2023-07-06', '2023-07-13', 270.08, 182.52, 'denied', 0),
(293, 3, 3, '2023-07-09', '2023-07-11', 1482.65, 1065.26, 'paid', 0),
(294, 11, 7, '2023-07-09', '2023-07-12', 1996.48, 1234.42, 'denied', 1),
(295, 10, 2, '2023-07-09', '2023-07-17', 260.29, 191.1, 'paid', 2),
(296, 10, 6, '2023-07-12', '2023-07-17', 1277.85, 891.24, 'paid', 0),
(297, 14, 3, '2023-07-12', '2023-07-21', 1956.42, 1125.99, 'denied', 1),
(298, 11, 5, '2023-07-13', '2023-07-19', 1256.34, 871.9, 'paid', 0),
(299, 9, 6, '2023-07-14', '2023-07-16', 549.07, 444.68, 'paid', 0),
(300, 4, 5, '2023-07-15', '2023-07-23', 560.3, 333.49, 'paid', 0),
(301, 2, 7, '2023-07-15', '2023-07-23', 364.68, 274.57, 'paid', 1),
(302, 11, 6, '2023-07-15', '2023-07-24', 296.44, 209.52, 'paid', 0),
(303, 6, 7, '2023-07-16', '2023-07-26', 202.02, 141.2, 'paid', 0),
(304, 8, 3, '2023-07-17', '2023-07-19', 1579.74, 1430.38, 'paid', 0),
(305, 3, 3, '2023-07-18', '2023-07-24', 1784.71, 989.91, 'paid', 0),
(306, 9, 6, '2023-07-18', '2023-07-27', 2089.82, 1185.77, 'paid', 0),
(307, 5, 3, '2023-07-21', '2023-07-25', 1551.13, 1389.03, 'denied', 1),
(308, 2, 1, '2023-07-22', '2023-07-27', 472.77, 314.87, 'paid', 0),
(309, 3, 5, '2023-07-22', '2023-07-27', 1221.48, 1066.69, 'paid', 1),
(310, 9, 4, '2023-07-22', '2023-07-23', 1776.96, 1018.05, 'denied', 2),
(311, 12, 7, '2023-07-23', '2023-07-31', 914.04, 726.06, 'paid', 0),
(312, 5, 2, '2023-07-24', '2023-08-03', 1404.19, 1232.42, 'paid', 0),
(313, 1, 3, '2023-07-25', '2023-08-04', 1104.89, 717.62, 'paid', 1),
(314, 11, 2, '2023-07-25', '2023-07-28', 658.05, 493.54, 'paid', 0),
(315, 13, 4, '2023-07-28', '2023-08-07', 1425.4, 944.52, 'paid', 0),
(316, 11, 1, '2023-07-29', '2023-08-03', 2121.47, 1474.55, 'paid', 1),
(317, 1, 6, '2023-07-30', '2023-08-05', 1504.12, 1298.09, 'paid', 0),
(318, 13, 2, '2023-07-30', '2023-08-05', 399.72, 361.95, 'paid', 0),
(319, 10, 1, '2023-07-31', '2023-08-03', 719.16, 604.57, 'paid', 0),
(320, 2, 2, '2023-08-01', '2023-08-11', 2040.53, 1370.61, 'paid', 0),
(321, 12, 7, '2023-08-01', '2023-08-03', 1857.8, 1152.01, 'paid', 1),
(322, 11, 3, '2023-08-02', '2023-08-06', 1573.32, 1116.79, 'paid', 0),
(323, 4, 6, '2023-08-03', '2023-08-04', 2121.86, 1234.34, 'paid', 1),
(324, 12, 2, '2023-08-04', '2023-08-05', 478.94, 431.13, 'paid', 0),
(325, 12, 1, '2023-08-04', '2023-08-12', 939.27, 643.5, 'paid', 0),
(326, 13, 4, '2023-08-07', '2023-08-17', 927.06, 833.73, 'paid', 0),
(327, 7, 5, '2023-08-07', '2023-08-13', 412.16, 240.78, 'denied', 2),
(328, 7, 3, '2023-08-08', '2023-08-17', 1521.92, 930.45, 'paid', 2),
(329, 4, 6, '2023-08-08', '2023-08-18', 626.6, 535.95, 'paid', 0),
(330, 9, 3, '2023-08-09', '2023-08-15', 1189.44, 716.93, 'paid', 0),
(331, 11, 7, '2023-08-09', '2023-08-15', 399.26, 283.61, 'paid', 2),
(332, 9, 5, '2023-08-09', '2023-08-13', 1257.13, 1163.98, 'paid', 0),
(333, 14, 6, '2023-08-10', '2023-08-13', 1200.42, 1000.97, 'paid', 0),
(334, 8, 2, '2023-08-11', '2023-08-17', 1754.41, 1340.39, 'denied', 0),
(335, 11, 7, '2023-08-11', '2023-08-17', 207.17, 147.91, 'paid', 1),
(336, 11, 7, '2023-08-11', '2023-08-15', 145.1, 113.72, 'denied', 0),
(337, 6, 7, '2023-08-12', '2023-08-19', 1442.54, 1367.13, 'paid', 0),
(338, 13, 2, '2023-08-13', '2023-08-18', 679.04, 505.36, 'paid', 1),
(339, 11, 5, '2023-08-13', '2023-08-23', 2108.48, 1203.63, 'paid', 0),
(340, 3, 4, '2023-08-14', '2023-08-17', 2189.03, 1225.35, 'paid', 0),
(341, 1, 2, '2023-08-14', '2023-08-19', 399.7, 235.43, 'paid', 0),
(342, 15, 6, '2023-08-14', '2023-08-21', 1949.74, 1098.03, 'paid', 0),
(343, 9, 5, '2023-08-17', '2023-08-21', 1298.68, 1092.71, 'paid', 0),
(344, 3, 5, '2023-08-18', '2023-08-25', 85.45, 65.47, 'paid', 0),
(345, 2, 5, '2023-08-18', '2023-08-24', 1859.9, 1080.47, 'paid', 2),
(346, 2, 3, '2023-08-18', '2023-08-21', 112.24, 105.12, 'paid', 0),
(347, 5, 1, '2023-08-19', '2023-08-25', 1538.87, 1181.22, 'paid', 0),
(348, 12, 3, '2023-08-19', '2023-08-26', 974.56, 685.3, 'paid', 0),
(349, 13, 2, '2023-08-20', '2023-08-21', 586.87, 554.86, 'paid', 0),
(350, 11, 1, '2023-08-20', '2023-08-22', 1867.28, 1705.59, 'paid', 0),
(351, 6, 6, '2023-08-20', '2023-08-28', 1243.77, 1167.46, 'paid', 0),
(352, 4, 7, '2023-08-21', '2023-08-28', 833.03, 741.71, 'denied', 1),
(353, 2, 6, '2023-08-21', '2023-08-30', 1488.19, 1274.12, 'paid', 0),
(354, 14, 6, '2023-08-21', '2023-08-27', 1186.73, 757.71, 'paid', 0),
(355, 14, 3, '2023-08-22', '2023-08-26', 1508.21, 1228.78, 'paid', 0),
(356, 7, 3, '2023-08-24', '2023-08-31', 340.83, 221.74, 'paid', 0),
(357, 8, 6, '2023-08-24', '2023-08-26', 663.03, 483.0, 'paid', 0),
(358, 13, 5, '2023-08-25', '2023-08-28', 92.55, 64.37, 'denied', 0),
(359, 13, 4, '2023-08-26', '2023-08-31', 117.67, 91.57, 'paid', 0),
(360, 6, 3, '2023-08-26', '2023-08-30', 642.66, 488.47, 'paid', 0),
(361, 7, 7, '2023-08-27', '2023-09-01', 1389.87, 788.83, 'paid', 0),
(362, 7, 6, '2023-08-28', '2023-09-07', 1798.95, 1266.72, 'paid', 0),
(363, 4, 7, '2023-08-28', '2023-09-07', 869.39, 592.73, 'paid', 0),
(364, 8, 6, '2023-08-28', '2023-08-29', 308.55, 285.11, 'paid', 0),
(365, 3, 1, '2023-08-29', '2023-09-06', 922.94, 785.53, 'paid', 0),
(366, 15, 6, '2023-08-29', '2023-09-03', 1254.16, 1076.01, 'paid', 0),
(367, 2, 5, '2023-08-29', '2023-08-30', 295.62, 236.89, 'denied', 2),
(368, 12, 3, '2023-08-30', '2023-09-07', 1909.55, 1621.54, 'paid', 1),
(369, 6, 3, '2023-08-31', '2023-09-04', 1178.62, 1055.42, 'denied', 1),
(370, 7, 3, '2023-09-02', '2023-09-07', 1258.07, 903.4, 'paid', 0),
(371, 14, 4, '2023-09-02', '2023-09-09', 1896.08, 1196.05, 'paid', 0),
(372, 12, 5, '2023-09-03', '2023-09-06', 855.34, 538.96, 'paid', 1),
(373, 1, 6, '2023-09-03', '2023-09-09', 98.04, 86.33, 'denied', 1),
(374, 4, 7, '2023-09-03', '2023-09-11', 698.05, 607.99, 'paid', 0),
(375, 1, 2, '2023-09-04', '2023-09-11', 1899.22, 1148.65, 'paid', 1),
(376, 3, 1, '2023-09-05', '2023-09-14', 1642.86, 1048.67, 'paid', 0),
(377, 3, 2, '2023-09-05', '2023-09-09', 1174.41, 740.64, 'paid', 0),
(378, 4, 6, '2023-09-05', '2023-09-10', 1577.16, 1135.29, 'paid', 1),
(379, 5, 7, '2023-09-06', '2023-09-10', 1934.41, 1610.93, 'paid', 0),
(380, 5, 3, '2023-09-06', '2023-09-15', 1863.57, 1620.84, 'paid', 2),
(381, 11, 3, '2023-09-06', '2023-09-10', 1468.24, 923.91, 'paid', 0),
(382, 11, 4, '2023-09-07', '2023-09-09', 162.28, 131.93, 'paid', 0),
(383, 8, 3, '2023-09-07', '2023-09-08', 1670.78, 1540.34, 'paid', 0),
(384, 10, 5, '2023-09-08', '2023-09-17', 1683.24, 1242.54, 'paid', 0),
(385, 5, 1, '2023-09-08', '2023-09-18', 1349.44, 928.04, 'paid', 1),
(386, 6, 3, '2023-09-10', '2023-09-18', 1099.81, 765.05, 'paid', 0),
(387, 2, 6, '2023-09-11', '2023-09-20', 319.46, 209.98, 'denied', 0),
(388, 9, 5, '2023-09-11', '2023-09-13', 955.58, 684.32, 'paid', 1),
(389, 12, 6, '2023-09-11', '2023-09-14', 842.01, 493.43, 'paid', 0),
(390, 2, 1, '2023-09-12', '2023-09-16', 328.19, 250.87, 'paid', 0),
(391, 3, 5, '2023-09-12', '2023-09-21', 169.17, 157.29, 'paid', 0),
(392, 15, 1, '2023-09-13', '2023-09-14', 304.2, 248.43, 'denied', 2),
(393, 3, 7, '2023-09-15', '2023-09-20', 2196.09, 1756.21, 'paid', 0),
(394, 4, 2, '2023-09-18', '2023-09-28', 1722.89, 1512.11, 'paid', 1),
(395, 10, 7, '2023-09-19', '2023-09-22', 1807.05, 1579.76, 'paid', 0),
(396, 15, 4, '2023-09-21', '2023-09-28', 148.35, 90.38, 'paid', 0),
(397, 4, 2, '2023-09-21', '2023-09-25', 1534.4, 884.97, 'paid', 0),
(398, 9, 7, '2023-09-23', '2023-09-29', 2005.16, 1613.26, 'paid', 0),
(399, 2, 6, '2023-09-23', '2023-09-29', 1315.49, 982.7, 'paid', 0),
(400, 5, 7, '2023-09-23', '2023-09-28', 1998.14, 1764.32, 'paid', 1),
(401, 12, 5, '2023-09-24', '2023-10-03', 1469.02, 847.94, 'paid', 0),
(402, 13, 7, '2023-09-24', '2023-09-28', 589.02, 456.28, 'paid', 1),
(403, 11, 7, '2023-09-26', '2023-10-03', 1762.53, 1633.31, 'paid', 1),
(404, 2, 2, '2023-09-26', '2023-10-02', 1486.15, 1070.97, 'paid', 0),
(405, 15, 7, '2023-09-26', '2023-10-04', 967.55, 709.21, 'paid', 0),
(406, 7, 7, '2023-09-27', '2023-10-05', 1392.87, 815.09, 'paid', 0),
(407, 13, 2, '2023-09-27', '2023-09-29', 538.6, 377.16, 'paid', 1),
(408, 3, 3, '2023-09-28', '2023-10-01', 555.3, 440.96, 'paid', 1),
(409, 9, 7, '2023-09-28', '2023-10-08', 481.63, 296.15, 'paid', 0),
(410, 2, 2, '2023-09-29', '2023-10-07', 1278.35, 1079.74, 'paid', 0),
(411, 3, 7, '2023-09-30', '2023-10-05', 1492.57, 1118.84, 'denied', 1),
(412, 6, 3, '2023-09-30', '2023-10-07', 2068.17, 1186.87, 'paid', 0),
(413, 12, 1, '2023-09-30', '2023-10-01', 1935.46, 1156.67, 'paid', 0),
(414, 1, 3, '2023-10-01', '2023-10-09', 370.42, 335.81, 'paid', 0),
(415, 10, 5, '2023-10-01', '2023-10-02', 2195.14, 1725.0, 'paid', 2),
(416, 1, 4, '2023-10-01', '2023-10-10', 2153.68, 1877.93, 'paid', 0),
(417, 12, 3, '2023-10-02', '2023-10-08', 423.17, 372.54, 'paid', 0),
(418, 15, 1, '2023-10-02', '2023-10-05', 732.96, 602.91, 'paid', 1),
(419, 13, 3, '2023-10-03', '2023-10-06', 657.38, 486.39, 'paid', 0),
(420, 6, 4, '2023-10-03', '2023-10-09', 897.3, 589.29, 'paid', 0),
(421, 8, 5, '2023-10-03', '2023-10-10', 1430.68, 967.0, 'paid', 0),
(422, 13, 1, '2023-10-04', '2023-10-09', 910.28, 644.67, 'paid', 1),
(423, 2, 3, '2023-10-04', '2023-10-12', 1715.29, 1424.82, 'denied', 2),
(424, 10, 3, '2023-10-04', '2023-10-09', 2158.63, 1943.29, 'paid', 0),
(425, 3, 6, '2023-10-06', '2023-10-09', 2130.66, 1761.64, 'paid', 0),
(426, 13, 6, '2023-10-06', '2023-10-12', 927.95, 635.4, 'paid', 1),
(427, 11, 3, '2023-10-07', '2023-10-10', 531.67, 489.04, 'paid', 0),
(428, 10, 6, '2023-10-07', '2023-10-11', 1304.99, 1017.23, 'paid', 0),
(429, 3, 2, '2023-10-07', '2023-10-11', 1141.21, 1037.96, 'paid', 0),
(430, 15, 3, '2023-10-08', '2023-10-11', 1452.6, 1022.24, 'paid', 1),
(431, 9, 3, '2023-10-08', '2023-10-18', 531.73, 312.41, 'paid', 0),
(432, 13, 1, '2023-10-08', '2023-10-14', 129.43, 77.49, 'paid', 2),
(433, 5, 5, '2023-10-09', '2023-10-10', 2151.82, 1696.21, 'paid', 0),
(434, 8, 1, '2023-10-09', '2023-10-17', 555.88, 381.36, 'paid', 0),
(435, 4, 3, '2023-10-09', '2023-10-19', 1218.59, 988.56, 'denied', 0),
(436, 6, 1, '2023-10-10', '2023-10-15', 1616.01, 1147.46, 'paid', 0),
(437, 4, 6, '2023-10-10', '2023-10-11', 1784.84, 1216.85, 'paid', 2),
(438, 8, 6, '2023-10-10', '2023-10-20', 1043.87, 653.43, 'paid', 0),
(439, 2, 6, '2023-10-11', '2023-10-20', 115.04, 99.64, 'paid', 0),
(440, 12, 7, '2023-10-12', '2023-10-13', 2030.28, 1700.98, 'paid', 0),
(441, 1, 7, '2023-10-12', '2023-10-21', 639.24, 393.43, 'paid', 0),
(442, 12, 3, '2023-10-13', '2023-10-20', 1985.85, 1453.69, 'paid', 0),
(443, 6, 7, '2023-10-14', '2023-10-22', 1110.36, 705.14, 'denied', 1),
(444, 9, 4, '2023-10-16', '2023-10-20', 830.09, 767.84, 'paid', 0),
(445, 13, 6, '2023-10-16', '2023-10-23', 421.22, 305.25, 'paid', 0),
(446, 1, 1, '2023-10-17', '2023-10-19', 1063.07, 909.57, 'denied', 2),
(447, 6, 5, '2023-10-17', '2023-10-26', 1956.87, 1576.82, 'paid', 0),
(448, 2, 1, '2023-10-17', '2023-10-27', 1940.51, 1408.84, 'paid', 0),
(449, 13, 1, '2023-10-18', '2023-10-28', 1615.89, 1112.16, 'denied', 1),
(450, 12, 6, '2023-10-18', '2023-10-26', 1547.11, 938.65, 'paid', 1),
(451, 15, 2, '2023-10-18', '2023-10-19', 911.69, 801.86, 'paid', 0),
(452, 2, 2, '2023-10-20', '2023-10-21', 160.7, 95.81, 'denied', 0),
(453, 5, 1, '2023-10-21', '2023-10-24', 1071.98, 999.72, 'paid', 0),
(454, 9, 2, '2023-10-21', '2023-10-31', 1165.71, 949.8, 'denied', 1),
(455, 14, 1, '2023-10-21', '2023-10-30', 1454.3, 1126.57, 'paid', 0),
(456, 8, 4, '2023-10-24', '2023-10-25', 1266.99, 791.8, 'paid', 0),
(457, 12, 2, '2023-10-24', '2023-10-31', 2164.61, 1265.3, 'paid', 0),
(458, 14, 7, '2023-10-26', '2023-10-28', 270.34, 182.12, 'paid', 0),
(459, 1, 1, '2023-10-27', '2023-10-29', 172.33, 147.68, 'paid', 0),
(460, 15, 5, '2023-10-28', '2023-11-07', 1454.98, 1226.66, 'paid', 0),
(461, 1, 6, '2023-10-28', '2023-10-31', 1881.95, 1696.12, 'paid', 0),
(462, 8, 3, '2023-10-28', '2023-10-31', 615.61, 424.4, 'paid', 0),
(463, 13, 5, '2023-10-29', '2023-11-04', 661.3, 472.81, 'paid', 0),
(464, 15, 3, '2023-10-29', '2023-11-04', 83.67, 54.01, 'paid', 0),
(465, 14, 3, '2023-10-29', '2023-11-05', 1409.19, 1077.91, 'paid', 2),
(466, 15, 4, '2023-10-31', '2023-11-09', 1542.37, 903.61, 'paid', 0),
(467, 7, 6, '2023-11-01', '2023-11-03', 2178.17, 1579.6, 'paid', 0),
(468, 12, 3, '2023-11-01', '2023-11-08', 606.8, 340.46, 'paid', 0),
(469, 11, 1, '2023-11-02', '2023-11-12', 224.02, 130.2, 'paid', 0),
(470, 2, 2, '2023-11-04', '2023-11-13', 319.27, 299.42, 'paid', 0),
(471, 2, 3, '2023-11-04', '2023-11-09', 916.94, 567.85, 'paid', 2),
(472, 6, 3, '2023-11-05', '2023-11-09', 145.08, 92.92, 'paid', 1),
(473, 1, 7, '2023-11-05', '2023-11-09', 234.01, 190.24, 'denied', 2),
(474, 3, 1, '2023-11-05', '2023-11-08', 1100.55, 630.5, 'paid', 0),
(475, 1, 1, '2023-11-06', '2023-11-11', 111.41, 67.07, 'paid', 2),
(476, 6, 3, '2023-11-07', '2023-11-10', 1188.87, 771.95, 'paid', 0),
(477, 7, 7, '2023-11-07', '2023-11-08', 554.84, 326.03, 'denied', 1),
(478, 5, 7, '2023-11-08', '2023-11-09', 187.21, 165.6, 'paid', 0),
(479, 8, 5, '2023-11-08', '2023-11-16', 278.72, 192.82, 'denied', 0),
(480, 8, 1, '2023-11-08', '2023-11-10', 484.47, 352.48, 'paid', 0),
(481, 8, 6, '2023-11-11', '2023-11-15', 1273.29, 1190.51, 'paid', 1),
(482, 9, 2, '2023-11-12', '2023-11-21', 1913.09, 1115.78, 'paid', 0),
(483, 13, 6, '2023-11-13', '2023-11-16', 237.8, 161.02, 'paid', 0),
(484, 8, 4, '2023-11-13', '2023-11-18', 461.54, 351.32, 'denied', 2),
(485, 11, 6, '2023-11-13', '2023-11-14', 1218.71, 913.54, 'paid', 0),
(486, 7, 7, '2023-11-14', '2023-11-20', 1649.59, 1149.91, 'paid', 1),
(487, 4, 7, '2023-11-16', '2023-11-17', 684.56, 606.32, 'paid', 0),
(488, 4, 1, '2023-11-16', '2023-11-23', 133.06, 92.34, 'paid', 0),
(489, 12, 4, '2023-11-16', '2023-11-20', 1396.99, 1234.34, 'paid', 0),
(490, 5, 2, '2023-11-17', '2023-11-23', 147.35, 105.39, 'paid', 0),
(491, 14, 1, '2023-11-17', '2023-11-20', 1367.98, 1000.9, 'paid', 0),
(492, 3, 3, '2023-11-17', '2023-11-21', 1271.66, 911.03, 'paid', 1),
(493, 4, 4, '2023-11-19', '2023-11-22', 250.08, 216.57, 'paid', 0),
(494, 14, 2, '2023-11-20', '2023-11-25', 2131.64, 1253.27, 'paid', 0),
(495, 13, 2, '2023-11-22', '2023-11-25', 970.58, 863.36, 'paid', 1),
(496, 9, 5, '2023-11-22', '2023-11-24', 1026.1, 782.06, 'paid', 0),
(497, 2, 5, '2023-11-23', '2023-11-28', 1289.07, 1065.85, 'paid', 0),
(498, 6, 5, '2023-11-23', '2023-11-28', 1516.09, 1207.58, 'denied', 2),
(499, 4, 6, '2023-11-23', '2023-11-29', 1775.15, 1225.1, 'denied', 0),
(500, 7, 1, '2023-11-24', '2023-11-28', 1230.19, 742.51, 'paid', 0),
(501, 13, 3, '2023-11-25', '2023-11-28', 2195.06, 1978.99, 'paid', 0),
(502, 15, 4, '2023-11-25', '2023-12-05', 972.07, 712.47, 'denied', 1),
(503, 6, 6, '2023-11-25', '2023-12-02', 746.73, 617.73, 'paid', 0),
(504, 14, 5, '2023-11-26', '2023-11-30', 1425.32, 1334.85, 'paid', 0),
(505, 5, 6, '2023-11-26', '2023-12-01', 426.42, 290.81, 'denied', 2),
(506, 12, 5, '2023-11-28', '2023-12-03', 141.6, 125.29, 'paid', 0),
(507, 15, 6, '2023-11-28', '2023-12-02', 120.95, 105.69, 'denied', 0),
(508, 6, 1, '2023-11-28', '2023-12-07', 819.74, 695.97, 'paid', 1),
(509, 3, 3, '2023-11-30', '2023-12-02', 214.41, 190.7, 'denied', 0),
(510, 6, 5, '2023-11-30', '2023-12-08', 379.06, 358.53, 'paid', 1),
(511, 12, 1, '2023-12-01', '2023-12-05', 740.12, 509.93, 'denied', 0),
(512, 4, 7, '2023-12-01', '2023-12-09', 1784.51, 1146.54, 'paid', 0),
(513, 3, 1, '2023-12-02', '2023-12-06', 2059.21, 1824.41, 'paid', 0),
(514, 6, 6, '2023-12-02', '2023-12-03', 145.52, 92.9, 'paid', 0),
(515, 12, 4, '2023-12-02', '2023-12-12', 487.75, 460.68, 'paid', 2),
(516, 13, 3, '2023-12-03', '2023-12-08', 920.62, 619.17, 'paid', 0),
(517, 5, 1, '2023-12-03', '2023-12-09', 1169.13, 1078.72, 'paid', 1),
(518, 9, 6, '2023-12-03', '2023-12-12', 1924.21, 1425.04, 'paid', 0),
(519, 7, 4, '2023-12-05', '2023-12-07', 615.51, 393.16, 'paid', 0),
(520, 6, 5, '2023-12-05', '2023-12-13', 1733.08, 1171.34, 'paid', 0),
(521, 2, 6, '2023-12-05', '2023-12-10', 362.07, 335.77, 'paid', 0),
(522, 7, 5, '2023-12-07', '2023-12-09', 387.04, 323.7, 'paid', 0),
(523, 15, 7, '2023-12-07', '2023-12-10', 1203.66, 814.16, 'paid', 1),
(524, 13, 7, '2023-12-08', '2023-12-15', 1580.76, 1432.87, 'paid', 0),
(525, 2, 3, '2023-12-08', '2023-12-15', 1082.27, 856.75, 'paid', 0),
(526, 3, 6, '2023-12-08', '2023-12-12', 2020.89, 1812.68, 'paid', 0),
(527, 9, 4, '2023-12-10', '2023-12-13', 2149.61, 1451.8, 'paid', 0),
(528, 1, 7, '2023-12-10', '2023-12-11', 1909.68, 1058.28, 'paid', 0),
(529, 4, 7, '2023-12-12', '2023-12-18', 1816.09, 1264.61, 'paid', 0),
(530, 4, 1, '2023-12-12', '2023-12-19', 1683.34, 1307.6, 'paid', 1),
(531, 13, 2, '2023-12-14', '2023-12-19', 616.82, 433.17, 'paid', 1),
(532, 15, 7, '2023-12-16', '2023-12-19', 1877.5, 1137.08, 'paid', 1),
(533, 11, 5, '2023-12-16', '2023-12-17', 1762.42, 1659.62, 'paid', 1),
(534, 12, 3, '2023-12-17', '2023-12-23', 608.61, 414.37, 'paid', 0),
(535, 6, 1, '2023-12-18', '2023-12-28', 223.44, 140.63, 'paid', 0),
(536, 11, 6, '2023-12-19', '2023-12-29', 1077.4, 908.78, 'paid', 0),
(537, 10, 1, '2023-12-19', '2023-12-29', 1325.47, 1003.93, 'paid', 0),
(538, 4, 3, '2023-12-20', '2023-12-29', 850.15, 704.23, 'paid', 0),
(539, 10, 5, '2023-12-22', '2023-12-29', 130.1, 117.02, 'denied', 0),
(540, 14, 5, '2023-12-22', '2023-12-28', 295.29, 233.73, 'paid', 0),
(541, 3, 4, '2023-12-22', '2023-12-24', 2051.11, 1375.69, 'paid', 0),
(542, 8, 5, '2023-12-23', '2024-01-01', 102.98, 81.55, 'paid', 0),
(543, 1, 1, '2023-12-26', '2023-12-30', 1150.41, 1024.4, 'paid', 0),
(544, 4, 5, '2023-12-26', '2024-01-03', 2057.17, 1249.67, 'paid', 0),
(545, 10, 3, '2023-12-27', '2023-12-31', 970.97, 715.91, 'paid', 0),
(546, 6, 6, '2023-12-27', '2023-12-30', 1666.52, 1086.99, 'paid', 0),
(547, 10, 6, '2023-12-28', '2023-12-30', 1668.34, 1391.78, 'paid', 0),
(548, 1, 4, '2023-12-30', '2024-01-01', 1921.34, 1486.6, 'paid', 0),
(549, 9, 3, '2023-12-30', '2024-01-06', 1705.16, 1073.48, 'paid', 0),
(550, 10, 4, '2023-12-30', '2024-01-04', 737.28, 536.9, 'paid', 0),
(551, 8, 7, '2023-12-31', '2024-01-08', 1709.64, 1263.81, 'paid', 0),
(552, 8, 5, '2023-12-31', '2024-01-09', 386.66, 224.0, 'paid', 0),
(553, 7, 3, '2023-12-31', '2024-01-06', 1574.52, 1272.53, 'paid', 0),
(554, 6, 5, '2024-01-03', '2024-01-10', 2098.39, 1285.45, 'paid', 0),
(555, 11, 3, '2024-01-03', '2024-01-10', 1756.95, 1442.28, 'paid', 0),
(556, 9, 5, '2024-01-03', '2024-01-10', 1459.9, 882.35, 'paid', 1),
(557, 8, 3, '2024-01-04', '2024-01-10', 1185.51, 853.09, 'denied', 1),
(558, 2, 3, '2024-01-04', '2024-01-09', 900.69, 778.54, 'paid', 0),
(559, 7, 1, '2024-01-04', '2024-01-10', 1798.06, 997.56, 'paid', 1),
(560, 1, 1, '2024-01-05', '2024-01-09', 524.57, 318.01, 'paid', 0),
(561, 7, 3, '2024-01-05', '2024-01-07', 1634.85, 1494.47, 'paid', 1),
(562, 15, 2, '2024-01-05', '2024-01-12', 1855.56, 1296.57, 'denied', 1),
(563, 10, 2, '2024-01-06', '2024-01-11', 160.76, 88.37, 'denied', 0),
(564, 3, 1, '2024-01-08', '2024-01-11', 498.6, 461.94, 'paid', 0),
(565, 14, 4, '2024-01-08', '2024-01-14', 908.71, 584.35, 'paid', 2),
(566, 3, 2, '2024-01-08', '2024-01-14', 1407.19, 1024.73, 'paid', 0),
(567, 9, 7, '2024-01-09', '2024-01-19', 109.26, 61.1, 'paid', 0),
(568, 1, 7, '2024-01-09', '2024-01-18', 1175.06, 969.83, 'paid', 0),
(569, 9, 7, '2024-01-09', '2024-01-18', 2070.05, 1438.24, 'paid', 0),
(570, 8, 5, '2024-01-10', '2024-01-20', 421.89, 264.25, 'paid', 2),
(571, 11, 7, '2024-01-10', '2024-01-20', 1821.03, 1502.72, 'paid', 0),
(572, 10, 7, '2024-01-11', '2024-01-20', 1116.13, 1025.9, 'paid', 0),
(573, 7, 7, '2024-01-13', '2024-01-15', 1295.45, 1016.42, 'paid', 0),
(574, 5, 1, '2024-01-15', '2024-01-25', 1927.09, 1619.82, 'paid', 0),
(575, 11, 3, '2024-01-15', '2024-01-17', 155.65, 104.24, 'paid', 0),
(576, 9, 5, '2024-01-15', '2024-01-24', 984.73, 860.06, 'paid', 0),
(577, 7, 6, '2024-01-16', '2024-01-24', 2111.6, 1762.07, 'denied', 1),
(578, 6, 6, '2024-01-16', '2024-01-23', 1898.76, 1428.92, 'paid', 0),
(579, 8, 5, '2024-01-18', '2024-01-26', 1937.28, 1194.14, 'denied', 2),
(580, 14, 5, '2024-01-20', '2024-01-25', 793.05, 731.16, 'paid', 0),
(581, 5, 1, '2024-01-21', '2024-01-25', 421.48, 282.72, 'paid', 2),
(582, 8, 2, '2024-01-21', '2024-01-23', 962.61, 649.86, 'paid', 0),
(583, 8, 7, '2024-01-22', '2024-01-31', 2119.43, 1301.75, 'paid', 0),
(584, 3, 4, '2024-01-22', '2024-01-30', 1125.5, 784.55, 'paid', 0),
(585, 10, 3, '2024-01-22', '2024-01-25', 806.75, 566.24, 'paid', 0),
(586, 7, 5, '2024-01-23', '2024-02-01', 457.81, 310.0, 'paid', 0),
(587, 8, 6, '2024-01-23', '2024-01-29', 1273.61, 1049.69, 'paid', 0),
(588, 6, 2, '2024-01-24', '2024-02-03', 483.69, 403.35, 'paid', 0),
(589, 1, 2, '2024-01-25', '2024-02-03', 230.34, 187.73, 'paid', 0),
(590, 2, 2, '2024-01-25', '2024-02-04', 1591.97, 827.34, 'denied', 1),
(591, 6, 5, '2024-01-25', '2024-01-26', 1172.17, 977.65, 'paid', 0),
(592, 3, 7, '2024-01-26', '2024-01-30', 295.51, 194.14, 'paid', 1),
(593, 12, 1, '2024-01-27', '2024-01-29', 1344.71, 967.9, 'paid', 1),
(594, 9, 2, '2024-01-27', '2024-02-03', 852.16, 793.72, 'paid', 2),
(595, 3, 3, '2024-01-27', '2024-02-02', 1248.68, 1136.34, 'paid', 0),
(596, 3, 2, '2024-01-28', '2024-01-30', 1327.69, 815.22, 'paid', 0),
(597, 7, 2, '2024-01-31', '2024-02-04', 2042.54, 1752.79, 'denied', 1),
(598, 10, 4, '2024-02-01', '2024-02-08', 791.3, 505.58, 'paid', 0),
(599, 8, 5, '2024-02-01', '2024-02-05', 2038.13, 1268.46, 'paid', 0),
(600, 11, 1, '2024-02-01', '2024-02-08', 1679.55, 1363.11, 'denied', 1),
(601, 5, 4, '2024-02-02', '2024-02-08', 2054.81, 1552.24, 'paid', 1),
(602, 2, 7, '2024-02-03', '2024-02-06', 1815.73, 1205.58, 'paid', 0),
(603, 4, 5, '2024-02-03', '2024-02-10', 436.36, 315.63, 'paid', 0),
(604, 15, 4, '2024-02-03', '2024-02-04', 1567.45, 925.41, 'paid', 0),
(605, 5, 6, '2024-02-04', '2024-02-10', 551.89, 455.51, 'paid', 0),
(606, 5, 6, '2024-02-07', '2024-02-09', 890.76, 580.06, 'paid', 0),
(607, 3, 2, '2024-02-09', '2024-02-11', 1105.39, 911.16, 'paid', 0),
(608, 12, 1, '2024-02-09', '2024-02-11', 319.32, 182.49, 'paid', 0),
(609, 6, 4, '2024-02-09', '2024-02-14', 423.02, 263.06, 'paid', 0),
(610, 14, 2, '2024-02-10', '2024-02-13', 1477.14, 881.55, 'paid', 1),
(611, 14, 3, '2024-02-10', '2024-02-12', 1934.27, 1310.13, 'paid', 1),
(612, 14, 5, '2024-02-10', '2024-02-18', 2135.02, 1983.72, 'paid', 0),
(613, 3, 3, '2024-02-11', '2024-02-17', 1162.25, 742.7, 'paid', 0),
(614, 9, 1, '2024-02-11', '2024-02-18', 991.04, 562.36, 'paid', 0),
(615, 9, 4, '2024-02-12', '2024-02-16', 1573.27, 1206.72, 'paid', 0),
(616, 14, 6, '2024-02-12', '2024-02-13', 1815.35, 1529.33, 'paid', 0),
(617, 2, 7, '2024-02-13', '2024-02-19', 1634.74, 970.25, 'denied', 1),
(618, 11, 3, '2024-02-13', '2024-02-14', 658.32, 424.12, 'denied', 0),
(619, 6, 3, '2024-02-14', '2024-02-22', 310.16, 262.04, 'paid', 0),
(620, 15, 4, '2024-02-15', '2024-02-16', 1589.57, 1413.98, 'paid', 1),
(621, 11, 2, '2024-02-15', '2024-02-18', 826.71, 636.46, 'denied', 0),
(622, 15, 1, '2024-02-16', '2024-02-23', 978.95, 845.5, 'paid', 0),
(623, 8, 5, '2024-02-17', '2024-02-24', 2189.86, 2068.81, 'paid', 0),
(624, 2, 7, '2024-02-17', '2024-02-23', 785.86, 628.55, 'paid', 0),
(625, 5, 1, '2024-02-18', '2024-02-22', 1581.27, 1021.94, 'paid', 0),
(626, 9, 6, '2024-02-19', '2024-02-29', 270.81, 174.66, 'paid', 0),
(627, 15, 3, '2024-02-19', '2024-02-20', 1992.89, 1882.4, 'paid', 0),
(628, 11, 1, '2024-02-20', '2024-02-29', 1768.37, 1163.01, 'paid', 0),
(629, 1, 1, '2024-02-20', '2024-02-27', 1059.32, 656.86, 'paid', 0),
(630, 2, 3, '2024-02-20', '2024-02-28', 2070.34, 1395.96, 'paid', 1),
(631, 6, 1, '2024-02-24', '2024-03-02', 949.92, 871.69, 'paid', 0),
(632, 2, 3, '2024-02-25', '2024-03-01', 1905.73, 1717.14, 'paid', 0),
(633, 10, 5, '2024-02-25', '2024-03-06', 660.81, 526.83, 'paid', 0),
(634, 11, 3, '2024-02-25', '2024-02-28', 776.29, 532.11, 'paid', 0),
(635, 4, 4, '2024-02-26', '2024-02-27', 423.4, 345.46, 'paid', 0),
(636, 8, 2, '2024-02-26', '2024-03-03', 1807.95, 1176.36, 'denied', 1),
(637, 9, 4, '2024-02-28', '2024-03-03', 1228.14, 699.79, 'denied', 0),
(638, 12, 5, '2024-02-28', '2024-03-02', 1476.35, 983.49, 'paid', 0),
(639, 12, 5, '2024-02-28', '2024-03-01', 365.68, 300.39, 'paid', 0),
(640, 11, 4, '2024-02-29', '2024-03-06', 1281.37, 891.33, 'paid', 0),
(641, 5, 7, '2024-03-05', '2024-03-07', 455.65, 345.51, 'paid', 0),
(642, 9, 2, '2024-03-06', '2024-03-09', 510.44, 349.92, 'paid', 0),
(643, 2, 1, '2024-03-06', '2024-03-07', 1403.2, 861.39, 'paid', 0),
(644, 14, 2, '2024-03-06', '2024-03-14', 1358.18, 1047.46, 'paid', 0),
(645, 4, 3, '2024-03-07', '2024-03-09', 2091.82, 1555.49, 'paid', 0),
(646, 7, 7, '2024-03-07', '2024-03-15', 1838.59, 1173.36, 'paid', 0),
(647, 3, 6, '2024-03-08', '2024-03-13', 919.72, 585.78, 'paid', 2),
(648, 7, 2, '2024-03-10', '2024-03-13', 816.56, 664.02, 'paid', 0),
(649, 3, 4, '2024-03-10', '2024-03-13', 1080.29, 934.23, 'paid', 0),
(650, 5, 3, '2024-03-12', '2024-03-14', 1102.69, 861.71, 'paid', 0),
(651, 1, 7, '2024-03-12', '2024-03-17', 618.32, 476.64, 'paid', 0),
(652, 11, 7, '2024-03-13', '2024-03-15', 1747.09, 1530.58, 'paid', 0),
(653, 7, 2, '2024-03-13', '2024-03-15', 411.0, 373.5, 'paid', 0),
(654, 12, 5, '2024-03-15', '2024-03-19', 421.85, 264.61, 'paid', 0),
(655, 8, 1, '2024-03-18', '2024-03-28', 296.06, 263.49, 'paid', 2),
(656, 11, 3, '2024-03-19', '2024-03-25', 301.13, 283.77, 'paid', 0),
(657, 9, 7, '2024-03-20', '2024-03-22', 207.01, 188.18, 'paid', 0),
(658, 5, 4, '2024-03-20', '2024-03-23', 610.78, 448.68, 'paid', 0),
(659, 2, 7, '2024-03-21', '2024-03-25', 1910.32, 1528.01, 'denied', 1),
(660, 13, 1, '2024-03-21', '2024-03-25', 523.11, 419.94, 'denied', 1),
(661, 4, 3, '2024-03-21', '2024-03-28', 234.1, 176.71, 'paid', 0),
(662, 5, 2, '2024-03-22', '2024-03-29', 2000.01, 1268.88, 'paid', 0),
(663, 10, 2, '2024-03-22', '2024-03-31', 1158.26, 954.4, 'paid', 1),
(664, 8, 6, '2024-03-22', '2024-03-25', 1867.34, 1124.86, 'paid', 0),
(665, 3, 6, '2024-03-23', '2024-03-30', 1472.31, 822.67, 'paid', 0),
(666, 1, 6, '2024-03-24', '2024-03-26', 688.29, 462.73, 'paid', 0),
(667, 1, 7, '2024-03-28', '2024-04-03', 1574.19, 1266.71, 'paid', 0),
(668, 8, 4, '2024-03-28', '2024-04-04', 306.25, 215.0, 'paid', 0),
(669, 7, 5, '2024-03-29', '2024-04-07', 671.01, 346.83, 'denied', 1),
(670, 3, 4, '2024-03-29', '2024-04-05', 1697.18, 1037.08, 'paid', 0),
(671, 4, 1, '2024-03-29', '2024-04-07', 115.32, 91.74, 'paid', 0),
(672, 12, 7, '2024-03-30', '2024-04-01', 296.95, 211.44, 'paid', 0),
(673, 13, 4, '2024-03-30', '2024-04-01', 113.5, 72.52, 'paid', 0),
(674, 4, 5, '2024-03-30', '2024-04-08', 229.41, 215.08, 'paid', 0),
(675, 5, 5, '2024-04-01', '2024-04-02', 1910.14, 1003.98, 'denied', 0),
(676, 11, 4, '2024-04-01', '2024-04-06', 475.69, 315.22, 'paid', 0),
(677, 5, 6, '2024-04-01', '2024-04-10', 261.37, 195.58, 'paid', 0),
(678, 6, 2, '2024-04-02', '2024-04-09', 2017.17, 1589.6, 'paid', 0),
(679, 7, 4, '2024-04-02', '2024-04-07', 2085.8, 1815.98, 'paid', 0),
(680, 14, 6, '2024-04-05', '2024-04-08', 843.97, 777.99, 'paid', 0),
(681, 11, 1, '2024-04-05', '2024-04-10', 1480.6, 1096.02, 'paid', 0),
(682, 7, 6, '2024-04-06', '2024-04-13', 494.87, 383.38, 'paid', 2),
(683, 11, 5, '2024-04-06', '2024-04-13', 1172.67, 1090.32, 'paid', 2),
(684, 14, 1, '2024-04-06', '2024-04-10', 1528.0, 1105.33, 'denied', 0),
(685, 8, 3, '2024-04-07', '2024-04-12', 1354.9, 1227.69, 'paid', 0),
(686, 3, 2, '2024-04-07', '2024-04-09', 410.02, 260.28, 'paid', 0),
(687, 4, 7, '2024-04-07', '2024-04-13', 2137.07, 1245.6, 'paid', 0),
(688, 4, 4, '2024-04-08', '2024-04-16', 106.79, 74.76, 'paid', 0),
(689, 1, 5, '2024-04-08', '2024-04-10', 1059.46, 865.27, 'paid', 0),
(690, 4, 1, '2024-04-08', '2024-04-14', 1296.67, 1085.52, 'denied', 2),
(691, 14, 4, '2024-04-09', '2024-04-12', 1977.52, 1361.1, 'paid', 0),
(692, 10, 4, '2024-04-10', '2024-04-14', 1802.42, 1226.45, 'paid', 1),
(693, 2, 1, '2024-04-10', '2024-04-16', 618.89, 573.87, 'paid', 0),
(694, 8, 4, '2024-04-11', '2024-04-21', 753.54, 601.22, 'paid', 1),
(695, 11, 6, '2024-04-11', '2024-04-14', 524.16, 428.23, 'paid', 0),
(696, 1, 6, '2024-04-11', '2024-04-14', 1804.79, 1224.39, 'denied', 0),
(697, 12, 4, '2024-04-13', '2024-04-22', 2103.18, 1871.63, 'paid', 0),
(698, 4, 3, '2024-04-13', '2024-04-18', 1416.45, 811.5, 'paid', 1),
(699, 7, 2, '2024-04-13', '2024-04-17', 791.59, 425.49, 'denied', 0),
(700, 6, 7, '2024-04-14', '2024-04-16', 1322.04, 733.75, 'paid', 0),
(701, 10, 1, '2024-04-14', '2024-04-22', 1229.67, 918.31, 'paid', 0),
(702, 10, 1, '2024-04-14', '2024-04-16', 1631.28, 1397.57, 'paid', 1),
(703, 11, 5, '2024-04-15', '2024-04-20', 1496.97, 1032.64, 'denied', 0),
(704, 7, 1, '2024-04-15', '2024-04-20', 1412.74, 806.68, 'paid', 0),
(705, 15, 5, '2024-04-15', '2024-04-16', 992.56, 797.82, 'paid', 0),
(706, 5, 6, '2024-04-16', '2024-04-25', 175.67, 143.43, 'paid', 0),
(707, 4, 1, '2024-04-16', '2024-04-19', 1776.68, 1248.09, 'paid', 0),
(708, 9, 5, '2024-04-16', '2024-04-22', 1382.83, 1206.03, 'paid', 1),
(709, 3, 7, '2024-04-17', '2024-04-25', 450.95, 387.65, 'paid', 1),
(710, 5, 7, '2024-04-17', '2024-04-25', 191.12, 159.65, 'denied', 0),
(711, 6, 1, '2024-04-18', '2024-04-21', 885.06, 678.59, 'paid', 0),
(712, 13, 2, '2024-04-18', '2024-04-26', 1819.36, 1158.4, 'paid', 1),
(713, 15, 1, '2024-04-19', '2024-04-20', 1918.76, 1130.22, 'paid', 0),
(714, 14, 2, '2024-04-20', '2024-04-23', 744.7, 613.44, 'paid', 1),
(715, 5, 7, '2024-04-20', '2024-04-25', 1362.28, 1016.07, 'denied', 1),
(716, 13, 3, '2024-04-23', '2024-04-24', 729.43, 483.42, 'paid', 0),
(717, 7, 2, '2024-04-26', '2024-04-29', 519.63, 287.19, 'paid', 1),
(718, 3, 2, '2024-04-26', '2024-05-04', 1486.82, 1061.11, 'paid', 0),
(719, 12, 3, '2024-04-27', '2024-05-05', 1207.26, 725.43, 'paid', 0),
(720, 5, 3, '2024-04-27', '2024-04-29', 534.0, 354.02, 'paid', 1),
(721, 15, 1, '2024-04-27', '2024-04-29', 1033.26, 924.77, 'paid', 0),
(722, 9, 6, '2024-04-29', '2024-05-02', 1163.65, 642.86, 'paid', 1),
(723, 11, 2, '2024-05-02', '2024-05-07', 949.58, 645.52, 'paid', 1),
(724, 14, 7, '2024-05-02', '2024-05-12', 1093.42, 662.15, 'paid', 1),
(725, 13, 1, '2024-05-02', '2024-05-07', 1877.41, 1313.6, 'paid', 1),
(726, 7, 6, '2024-05-04', '2024-05-08', 1559.61, 915.64, 'paid', 0),
(727, 6, 5, '2024-05-04', '2024-05-12', 1422.42, 843.46, 'paid', 0),
(728, 10, 6, '2024-05-04', '2024-05-12', 1691.39, 1377.57, 'paid', 0),
(729, 6, 3, '2024-05-05', '2024-05-12', 748.67, 545.41, 'paid', 2),
(730, 4, 6, '2024-05-05', '2024-05-06', 1804.01, 1117.06, 'denied', 0),
(731, 8, 7, '2024-05-05', '2024-05-10', 1016.26, 775.57, 'paid', 0),
(732, 3, 5, '2024-05-06', '2024-05-11', 846.31, 575.39, 'paid', 0),
(733, 2, 4, '2024-05-06', '2024-05-12', 152.47, 122.01, 'paid', 0),
(734, 3, 2, '2024-05-06', '2024-05-14', 2085.09, 1779.88, 'paid', 0),
(735, 13, 5, '2024-05-07', '2024-05-09', 484.16, 396.46, 'paid', 0),
(736, 4, 5, '2024-05-07', '2024-05-13', 107.33, 96.32, 'paid', 0),
(737, 5, 4, '2024-05-07', '2024-05-11', 1294.15, 819.68, 'paid', 0),
(738, 2, 7, '2024-05-08', '2024-05-09', 1299.67, 1021.12, 'paid', 0),
(739, 11, 3, '2024-05-08', '2024-05-16', 521.45, 401.59, 'paid', 0),
(740, 4, 3, '2024-05-08', '2024-05-16', 1728.22, 1152.47, 'paid', 0),
(741, 13, 6, '2024-05-09', '2024-05-19', 1498.03, 1144.58, 'paid', 0),
(742, 6, 1, '2024-05-09', '2024-05-11', 709.19, 444.85, 'paid', 0),
(743, 5, 1, '2024-05-09', '2024-05-15', 1672.59, 984.44, 'paid', 0),
(744, 13, 6, '2024-05-10', '2024-05-19', 808.45, 758.72, 'paid', 0),
(745, 4, 3, '2024-05-10', '2024-05-14', 1770.74, 1216.29, 'paid', 0),
(746, 3, 2, '2024-05-11', '2024-05-17', 327.39, 195.72, 'paid', 0),
(747, 10, 4, '2024-05-11', '2024-05-19', 726.66, 624.68, 'paid', 0),
(748, 8, 4, '2024-05-12', '2024-05-18', 2013.85, 1315.46, 'paid', 0),
(749, 15, 2, '2024-05-13', '2024-05-14', 497.74, 299.79, 'paid', 0),
(750, 11, 6, '2024-05-15', '2024-05-19', 981.48, 613.49, 'paid', 0),
(751, 6, 1, '2024-05-16', '2024-05-24', 395.69, 245.24, 'paid', 0),
(752, 3, 3, '2024-05-16', '2024-05-20', 1315.25, 764.95, 'paid', 0),
(753, 13, 3, '2024-05-17', '2024-05-18', 2128.62, 1341.28, 'paid', 0),
(754, 10, 7, '2024-05-18', '2024-05-20', 794.47, 457.76, 'denied', 2),
(755, 11, 1, '2024-05-19', '2024-05-26', 301.04, 201.34, 'paid', 0),
(756, 8, 4, '2024-05-19', '2024-05-24', 1802.19, 1384.17, 'paid', 0),
(757, 4, 6, '2024-05-20', '2024-05-22', 2108.26, 1647.91, 'denied', 0),
(758, 1, 5, '2024-05-20', '2024-05-28', 1009.7, 884.38, 'paid', 0),
(759, 15, 5, '2024-05-20', '2024-05-25', 1199.79, 881.27, 'paid', 0),
(760, 3, 4, '2024-05-21', '2024-05-28', 847.14, 613.24, 'paid', 0),
(761, 2, 4, '2024-05-21', '2024-05-31', 1863.36, 1056.35, 'paid', 0),
(762, 13, 2, '2024-05-22', '2024-05-31', 1937.38, 1271.8, 'paid', 0),
(763, 11, 3, '2024-05-22', '2024-06-01', 287.67, 219.76, 'paid', 0),
(764, 4, 3, '2024-05-22', '2024-05-26', 342.82, 193.3, 'paid', 1),
(765, 13, 4, '2024-05-23', '2024-05-28', 1671.2, 1014.91, 'paid', 0),
(766, 13, 3, '2024-05-24', '2024-05-26', 1631.4, 973.82, 'paid', 0),
(767, 15, 6, '2024-05-25', '2024-05-26', 1470.72, 1099.46, 'paid', 0),
(768, 2, 4, '2024-05-26', '2024-05-30', 1269.29, 896.69, 'paid', 0),
(769, 10, 1, '2024-05-26', '2024-06-03', 115.89, 82.06, 'paid', 0),
(770, 1, 2, '2024-05-26', '2024-05-27', 2070.68, 1524.21, 'paid', 0),
(771, 14, 6, '2024-05-27', '2024-05-31', 1030.42, 927.32, 'paid', 1),
(772, 2, 3, '2024-05-28', '2024-06-07', 1812.98, 1566.76, 'paid', 1),
(773, 7, 6, '2024-05-28', '2024-06-01', 225.43, 184.01, 'paid', 0),
(774, 7, 2, '2024-05-31', '2024-06-09', 2048.79, 1226.6, 'paid', 0),
(775, 10, 3, '2024-05-31', '2024-06-02', 1011.95, 630.15, 'paid', 0),
(776, 6, 7, '2024-05-31', '2024-06-10', 120.12, 111.05, 'paid', 0),
(777, 2, 3, '2024-06-02', '2024-06-11', 515.19, 393.77, 'paid', 0),
(778, 11, 3, '2024-06-02', '2024-06-10', 1738.48, 1138.36, 'paid', 0),
(779, 3, 5, '2024-06-02', '2024-06-06', 1021.44, 858.08, 'paid', 0),
(780, 3, 7, '2024-06-03', '2024-06-09', 1994.75, 1832.2, 'paid', 0),
(781, 9, 3, '2024-06-03', '2024-06-07', 888.41, 536.65, 'paid', 1),
(782, 9, 5, '2024-06-03', '2024-06-07', 371.25, 350.43, 'paid', 0),
(783, 3, 1, '2024-06-04', '2024-06-09', 273.82, 183.11, 'paid', 0),
(784, 13, 3, '2024-06-04', '2024-06-05', 1560.0, 1266.05, 'paid', 0),
(785, 3, 5, '2024-06-04', '2024-06-09', 1915.38, 1439.71, 'denied', 1),
(786, 9, 7, '2024-06-05', '2024-06-11', 1043.3, 701.22, 'paid', 2),
(787, 13, 5, '2024-06-05', '2024-06-10', 1583.59, 1473.99, 'paid', 1),
(788, 12, 6, '2024-06-05', '2024-06-11', 678.05, 396.45, 'paid', 2),
(789, 11, 4, '2024-06-06', '2024-06-12', 2053.21, 1264.45, 'paid', 0),
(790, 3, 5, '2024-06-07', '2024-06-09', 1251.93, 810.15, 'denied', 2),
(791, 9, 6, '2024-06-07', '2024-06-14', 1975.34, 1119.58, 'paid', 1),
(792, 3, 3, '2024-06-09', '2024-06-14', 1817.58, 1701.6, 'paid', 0),
(793, 11, 2, '2024-06-10', '2024-06-19', 1477.08, 891.44, 'paid', 0),
(794, 9, 3, '2024-06-10', '2024-06-19', 589.06, 509.81, 'paid', 0),
(795, 8, 7, '2024-06-10', '2024-06-12', 1702.38, 1472.6, 'paid', 0),
(796, 6, 7, '2024-06-11', '2024-06-18', 120.07, 68.69, 'denied', 1),
(797, 1, 2, '2024-06-11', '2024-06-16', 1549.56, 1065.05, 'paid', 0),
(798, 11, 7, '2024-06-12', '2024-06-13', 800.21, 604.4, 'paid', 0),
(799, 7, 6, '2024-06-12', '2024-06-18', 1691.38, 1175.51, 'paid', 0),
(800, 13, 7, '2024-06-12', '2024-06-17', 1412.23, 1147.79, 'paid', 0),
(801, 7, 5, '2024-06-13', '2024-06-22', 270.79, 160.08, 'paid', 0),
(802, 1, 2, '2024-06-15', '2024-06-16', 1613.39, 1486.48, 'paid', 0),
(803, 8, 7, '2024-06-16', '2024-06-21', 89.91, 57.8, 'paid', 0),
(804, 13, 4, '2024-06-16', '2024-06-17', 851.36, 701.4, 'paid', 0),
(805, 11, 1, '2024-06-16', '2024-06-24', 1250.02, 691.99, 'paid', 0),
(806, 6, 5, '2024-06-17', '2024-06-18', 1455.08, 799.22, 'denied', 0),
(807, 6, 2, '2024-06-17', '2024-06-22', 1468.39, 1068.83, 'paid', 0),
(808, 9, 5, '2024-06-17', '2024-06-26', 815.22, 760.16, 'paid', 0),
(809, 2, 5, '2024-06-19', '2024-06-25', 1590.01, 1459.3, 'paid', 0),
(810, 6, 1, '2024-06-19', '2024-06-26', 660.18, 469.56, 'denied', 1),
(811, 10, 6, '2024-06-19', '2024-06-24', 1692.14, 1357.82, 'paid', 0),
(812, 7, 1, '2024-06-20', '2024-06-22', 1067.93, 666.86, 'paid', 1),
(813, 8, 7, '2024-06-20', '2024-06-23', 569.68, 452.59, 'paid', 0),
(814, 15, 3, '2024-06-21', '2024-06-28', 1347.06, 1195.57, 'paid', 0),
(815, 3, 7, '2024-06-21', '2024-06-22', 1329.66, 764.85, 'paid', 0),
(816, 15, 5, '2024-06-22', '2024-06-24', 84.58, 60.36, 'paid', 0),
(817, 12, 5, '2024-06-23', '2024-06-29', 234.52, 195.58, 'paid', 0),
(818, 15, 7, '2024-06-23', '2024-06-24', 814.15, 503.25, 'denied', 0),
(819, 9, 6, '2024-06-25', '2024-07-04', 1463.3, 1270.21, 'denied', 0),
(820, 2, 2, '2024-06-26', '2024-06-28', 1653.32, 1470.24, 'paid', 0),
(821, 13, 3, '2024-06-26', '2024-07-05', 801.07, 592.56, 'paid', 0),
(822, 2, 7, '2024-06-27', '2024-06-28', 1230.26, 704.91, 'paid', 0),
(823, 7, 2, '2024-06-28', '2024-06-29', 1526.29, 1172.06, 'paid', 0),
(824, 10, 7, '2024-06-28', '2024-07-01', 1594.88, 894.6, 'paid', 1),
(825, 10, 1, '2024-06-29', '2024-07-07', 523.82, 407.43, 'denied', 0),
(826, 10, 1, '2024-07-01', '2024-07-07', 1001.92, 925.58, 'paid', 0),
(827, 3, 3, '2024-07-01', '2024-07-08', 1768.3, 1044.38, 'paid', 0),
(828, 12, 2, '2024-07-01', '2024-07-07', 1888.09, 1454.67, 'denied', 1),
(829, 11, 2, '2024-07-02', '2024-07-12', 1913.6, 1764.11, 'paid', 0),
(830, 10, 5, '2024-07-02', '2024-07-05', 776.54, 622.93, 'paid', 0),
(831, 7, 5, '2024-07-02', '2024-07-10', 1005.6, 901.65, 'paid', 0),
(832, 2, 1, '2024-07-03', '2024-07-08', 329.82, 242.39, 'paid', 2),
(833, 10, 1, '2024-07-03', '2024-07-12', 995.09, 706.9, 'denied', 0),
(834, 6, 2, '2024-07-04', '2024-07-10', 1456.82, 1344.35, 'paid', 0),
(835, 4, 3, '2024-07-04', '2024-07-13', 202.79, 112.65, 'paid', 0),
(836, 9, 7, '2024-07-04', '2024-07-11', 1661.74, 1471.3, 'paid', 0),
(837, 3, 5, '2024-07-05', '2024-07-06', 414.31, 346.24, 'paid', 0),
(838, 8, 1, '2024-07-05', '2024-07-10', 801.83, 462.69, 'paid', 2),
(839, 14, 7, '2024-07-05', '2024-07-06', 1191.44, 1031.31, 'paid', 0),
(840, 1, 4, '2024-07-06', '2024-07-08', 1940.45, 1555.4, 'paid', 2),
(841, 4, 1, '2024-07-06', '2024-07-12', 1368.15, 1036.53, 'paid', 0),
(842, 13, 2, '2024-07-09', '2024-07-13', 449.37, 317.51, 'paid', 1),
(843, 9, 7, '2024-07-10', '2024-07-18', 502.28, 277.68, 'paid', 0),
(844, 5, 1, '2024-07-11', '2024-07-17', 1642.86, 1171.77, 'paid', 0),
(845, 9, 1, '2024-07-14', '2024-07-22', 183.31, 154.45, 'paid', 0),
(846, 10, 5, '2024-07-14', '2024-07-18', 1396.12, 901.38, 'paid', 0),
(847, 11, 4, '2024-07-15', '2024-07-18', 1031.13, 759.48, 'paid', 1),
(848, 15, 5, '2024-07-15', '2024-07-25', 1320.52, 919.81, 'paid', 0),
(849, 2, 1, '2024-07-16', '2024-07-20', 1637.21, 1454.04, 'paid', 0),
(850, 8, 1, '2024-07-17', '2024-07-22', 1533.56, 926.17, 'paid', 0),
(851, 1, 5, '2024-07-18', '2024-07-23', 1645.1, 906.67, 'paid', 0),
(852, 15, 2, '2024-07-19', '2024-07-21', 2079.08, 1965.48, 'paid', 0),
(853, 9, 6, '2024-07-19', '2024-07-23', 1412.33, 990.3, 'paid', 0),
(854, 15, 3, '2024-07-19', '2024-07-21', 1959.21, 1425.77, 'paid', 0),
(855, 5, 2, '2024-07-20', '2024-07-25', 938.92, 672.8, 'paid', 0),
(856, 3, 2, '2024-07-20', '2024-07-25', 398.13, 241.6, 'paid', 0),
(857, 4, 4, '2024-07-20', '2024-07-29', 2099.84, 1310.19, 'paid', 0),
(858, 2, 5, '2024-07-22', '2024-07-31', 117.79, 91.86, 'paid', 2),
(859, 4, 5, '2024-07-24', '2024-07-31', 1202.88, 1116.92, 'paid', 0),
(860, 3, 7, '2024-07-24', '2024-08-02', 2008.69, 1849.05, 'paid', 0),
(861, 4, 2, '2024-07-25', '2024-08-04', 924.34, 667.63, 'paid', 0),
(862, 12, 3, '2024-07-26', '2024-07-31', 2178.09, 1894.89, 'paid', 0),
(863, 8, 6, '2024-07-26', '2024-07-27', 1027.76, 575.91, 'paid', 0),
(864, 8, 1, '2024-07-26', '2024-07-28', 1949.36, 1828.76, 'paid', 0),
(865, 7, 5, '2024-07-27', '2024-07-30', 1052.28, 614.97, 'paid', 0),
(866, 7, 4, '2024-07-27', '2024-08-06', 1767.4, 977.49, 'denied', 0),
(867, 6, 4, '2024-07-28', '2024-07-31', 2127.26, 1659.76, 'paid', 2),
(868, 10, 7, '2024-07-28', '2024-08-01', 788.94, 696.67, 'denied', 2),
(869, 15, 6, '2024-07-28', '2024-08-02', 872.36, 578.77, 'paid', 1),
(870, 8, 3, '2024-07-29', '2024-08-01', 1112.31, 663.19, 'paid', 0),
(871, 9, 7, '2024-07-31', '2024-08-05', 1761.45, 1507.71, 'denied', 1),
(872, 8, 1, '2024-07-31', '2024-08-08', 861.17, 787.86, 'paid', 0),
(873, 8, 7, '2024-07-31', '2024-08-10', 399.79, 294.82, 'paid', 0),
(874, 9, 7, '2024-08-01', '2024-08-11', 682.67, 420.91, 'denied', 0),
(875, 11, 2, '2024-08-02', '2024-08-12', 1165.81, 855.81, 'paid', 0),
(876, 5, 7, '2024-08-03', '2024-08-04', 2035.49, 1175.64, 'paid', 0),
(877, 5, 7, '2024-08-03', '2024-08-05', 373.8, 350.25, 'paid', 1),
(878, 13, 2, '2024-08-04', '2024-08-07', 404.84, 287.93, 'paid', 0),
(879, 2, 7, '2024-08-04', '2024-08-06', 977.92, 625.22, 'paid', 1),
(880, 2, 7, '2024-08-04', '2024-08-11', 2125.49, 1252.23, 'paid', 0),
(881, 9, 5, '2024-08-05', '2024-08-07', 1084.4, 959.15, 'paid', 0),
(882, 1, 2, '2024-08-06', '2024-08-11', 1341.18, 762.82, 'paid', 0),
(883, 11, 7, '2024-08-06', '2024-08-14', 2107.58, 1571.38, 'paid', 0),
(884, 5, 5, '2024-08-10', '2024-08-15', 523.97, 307.85, 'paid', 0),
(885, 10, 2, '2024-08-12', '2024-08-22', 973.22, 549.59, 'paid', 0),
(886, 5, 6, '2024-08-13', '2024-08-20', 1238.56, 1158.71, 'paid', 0),
(887, 10, 4, '2024-08-13', '2024-08-14', 861.25, 672.6, 'paid', 2),
(888, 10, 4, '2024-08-14', '2024-08-15', 1591.48, 1118.88, 'denied', 1),
(889, 14, 7, '2024-08-14', '2024-08-22', 2013.4, 1098.86, 'denied', 0),
(890, 7, 7, '2024-08-15', '2024-08-23', 588.07, 355.56, 'paid', 0),
(891, 4, 3, '2024-08-16', '2024-08-18', 1323.58, 741.78, 'paid', 1),
(892, 5, 2, '2024-08-16', '2024-08-23', 853.79, 702.06, 'paid', 0),
(893, 9, 3, '2024-08-17', '2024-08-18', 721.45, 537.91, 'paid', 0),
(894, 5, 1, '2024-08-18', '2024-08-26', 193.52, 136.87, 'paid', 0),
(895, 2, 5, '2024-08-18', '2024-08-19', 1159.55, 1067.77, 'paid', 0),
(896, 8, 5, '2024-08-22', '2024-08-23', 1356.03, 745.51, 'denied', 0),
(897, 4, 6, '2024-08-22', '2024-08-24', 649.55, 464.32, 'paid', 0),
(898, 10, 6, '2024-08-22', '2024-08-28', 95.83, 69.28, 'denied', 2),
(899, 3, 7, '2024-08-23', '2024-08-29', 2016.77, 1682.63, 'paid', 1),
(900, 2, 1, '2024-08-23', '2024-09-02', 1231.01, 919.33, 'paid', 0),
(901, 13, 7, '2024-08-24', '2024-09-02', 1628.45, 1166.27, 'denied', 1),
(902, 8, 5, '2024-08-25', '2024-08-30', 2027.57, 1552.45, 'paid', 0),
(903, 8, 1, '2024-08-26', '2024-08-31', 1935.19, 1146.6, 'paid', 0),
(904, 13, 3, '2024-08-26', '2024-08-27', 2198.67, 1586.07, 'paid', 1),
(905, 3, 6, '2024-08-27', '2024-09-01', 700.56, 579.49, 'denied', 1),
(906, 7, 5, '2024-08-27', '2024-08-28', 1512.44, 987.06, 'paid', 0),
(907, 6, 2, '2024-08-27', '2024-09-04', 1892.92, 1650.42, 'paid', 0),
(908, 5, 1, '2024-08-28', '2024-09-04', 863.09, 738.36, 'paid', 0),
(909, 9, 5, '2024-08-29', '2024-09-06', 227.99, 187.99, 'paid', 0),
(910, 11, 1, '2024-08-29', '2024-09-04', 127.98, 106.14, 'paid', 0),
(911, 4, 1, '2024-08-29', '2024-08-31', 841.64, 589.68, 'denied', 1),
(912, 14, 7, '2024-08-30', '2024-08-31', 1606.57, 1040.89, 'paid', 0),
(913, 5, 5, '2024-08-30', '2024-09-05', 1197.04, 1087.01, 'paid', 0),
(914, 2, 2, '2024-09-01', '2024-09-07', 1140.81, 633.89, 'paid', 0),
(915, 9, 2, '2024-09-01', '2024-09-04', 1690.71, 1488.54, 'paid', 0),
(916, 12, 2, '2024-09-01', '2024-09-10', 1069.99, 1003.08, 'paid', 0),
(917, 14, 6, '2024-09-02', '2024-09-06', 696.24, 399.4, 'paid', 0),
(918, 2, 5, '2024-09-02', '2024-09-05', 840.41, 749.61, 'paid', 0),
(919, 9, 3, '2024-09-02', '2024-09-11', 1543.77, 976.18, 'paid', 0),
(920, 7, 1, '2024-09-03', '2024-09-04', 944.74, 843.52, 'paid', 0),
(921, 9, 4, '2024-09-03', '2024-09-05', 1681.47, 1206.15, 'paid', 0),
(922, 5, 1, '2024-09-03', '2024-09-12', 483.63, 372.12, 'paid', 0),
(923, 3, 3, '2024-09-04', '2024-09-11', 535.37, 320.24, 'paid', 1),
(924, 11, 6, '2024-09-04', '2024-09-10', 698.0, 539.43, 'paid', 0),
(925, 3, 3, '2024-09-06', '2024-09-09', 1379.38, 1174.57, 'paid', 0),
(926, 13, 2, '2024-09-06', '2024-09-09', 1061.96, 901.06, 'paid', 0),
(927, 14, 5, '2024-09-06', '2024-09-15', 1014.75, 655.34, 'denied', 1),
(928, 13, 1, '2024-09-08', '2024-09-14', 739.33, 699.65, 'paid', 0),
(929, 2, 6, '2024-09-08', '2024-09-17', 584.1, 547.38, 'paid', 0),
(930, 4, 3, '2024-09-08', '2024-09-13', 1385.49, 1003.83, 'paid', 0),
(931, 5, 2, '2024-09-09', '2024-09-11', 675.84, 529.08, 'paid', 0),
(932, 2, 2, '2024-09-09', '2024-09-12', 1256.41, 731.24, 'paid', 0),
(933, 14, 6, '2024-09-09', '2024-09-13', 878.12, 551.08, 'paid', 0),
(934, 6, 1, '2024-09-10', '2024-09-19', 1082.7, 764.89, 'paid', 0),
(935, 9, 5, '2024-09-10', '2024-09-11', 899.0, 809.54, 'paid', 0),
(936, 13, 4, '2024-09-10', '2024-09-20', 194.45, 148.96, 'paid', 0),
(937, 1, 7, '2024-09-12', '2024-09-15', 552.01, 328.47, 'paid', 0),
(938, 13, 4, '2024-09-12', '2024-09-13', 533.61, 311.16, 'paid', 0),
(939, 10, 5, '2024-09-12', '2024-09-20', 544.41, 337.25, 'paid', 0),
(940, 8, 6, '2024-09-13', '2024-09-14', 922.18, 811.6, 'paid', 0),
(941, 5, 4, '2024-09-13', '2024-09-14', 2133.88, 1462.31, 'paid', 1),
(942, 15, 4, '2024-09-14', '2024-09-19', 1766.65, 1352.96, 'paid', 1),
(943, 1, 2, '2024-09-14', '2024-09-22', 1363.11, 819.25, 'paid', 0),
(944, 13, 6, '2024-09-14', '2024-09-21', 1754.11, 1129.71, 'denied', 2),
(945, 3, 4, '2024-09-15', '2024-09-18', 1542.81, 1275.78, 'paid', 1),
(946, 9, 4, '2024-09-15', '2024-09-21', 869.69, 661.68, 'paid', 0),
(947, 8, 7, '2024-09-15', '2024-09-19', 1097.49, 685.58, 'paid', 0),
(948, 8, 4, '2024-09-16', '2024-09-21', 1837.26, 1020.49, 'paid', 0),
(949, 13, 1, '2024-09-17', '2024-09-21', 2120.16, 1628.94, 'paid', 2),
(950, 2, 1, '2024-09-17', '2024-09-21', 834.88, 489.37, 'paid', 0),
(951, 11, 3, '2024-09-17', '2024-09-21', 1997.76, 1285.13, 'paid', 0),
(952, 5, 5, '2024-09-20', '2024-09-30', 464.19, 353.41, 'paid', 0),
(953, 9, 4, '2024-09-20', '2024-09-21', 679.64, 610.98, 'paid', 0),
(954, 13, 5, '2024-09-20', '2024-09-25', 225.11, 147.58, 'paid', 0),
(955, 1, 3, '2024-09-21', '2024-09-27', 2015.16, 1758.0, 'paid', 0),
(956, 4, 7, '2024-09-23', '2024-09-28', 94.88, 61.01, 'denied', 0),
(957, 6, 4, '2024-09-24', '2024-09-26', 1124.95, 998.29, 'paid', 0),
(958, 3, 2, '2024-09-25', '2024-10-01', 341.59, 233.51, 'paid', 0),
(959, 10, 7, '2024-09-26', '2024-10-02', 265.38, 199.85, 'paid', 0),
(960, 12, 5, '2024-09-26', '2024-10-01', 377.09, 320.83, 'paid', 0),
(961, 12, 1, '2024-09-27', '2024-10-03', 93.7, 72.46, 'paid', 0),
(962, 12, 3, '2024-09-27', '2024-10-05', 517.09, 469.48, 'paid', 0),
(963, 5, 5, '2024-09-28', '2024-09-29', 2137.93, 1892.11, 'paid', 0),
(964, 9, 5, '2024-09-28', '2024-10-08', 1025.25, 768.01, 'paid', 0),
(965, 15, 1, '2024-09-30', '2024-10-02', 1785.85, 1004.56, 'paid', 0),
(966, 15, 3, '2024-09-30', '2024-10-10', 435.07, 407.73, 'paid', 0),
(967, 9, 2, '2024-09-30', '2024-10-05', 1130.46, 775.37, 'paid', 0),
(968, 5, 4, '2024-10-02', '2024-10-06', 822.14, 504.95, 'denied', 1),
(969, 5, 7, '2024-10-02', '2024-10-12', 1771.73, 1156.67, 'paid', 1),
(970, 8, 6, '2024-10-02', '2024-10-11', 813.11, 434.98, 'denied', 1),
(971, 9, 6, '2024-10-04', '2024-10-08', 1677.57, 1482.63, 'paid', 1),
(972, 12, 7, '2024-10-05', '2024-10-11', 563.18, 491.08, 'paid', 0),
(973, 15, 4, '2024-10-07', '2024-10-09', 110.57, 75.18, 'denied', 0),
(974, 12, 6, '2024-10-08', '2024-10-14', 1674.3, 955.85, 'paid', 0),
(975, 5, 6, '2024-10-08', '2024-10-15', 1888.77, 1711.85, 'paid', 0),
(976, 10, 3, '2024-10-10', '2024-10-16', 1506.65, 1041.63, 'denied', 1),
(977, 6, 4, '2024-10-10', '2024-10-13', 1220.37, 1105.82, 'paid', 0),
(978, 3, 6, '2024-10-12', '2024-10-18', 114.84, 87.77, 'paid', 0),
(979, 2, 7, '2024-10-13', '2024-10-17', 539.87, 426.64, 'paid', 1),
(980, 9, 3, '2024-10-13', '2024-10-15', 371.01, 333.37, 'paid', 1),
(981, 10, 7, '2024-10-13', '2024-10-21', 1868.33, 1251.66, 'paid', 1),
(982, 3, 7, '2024-10-14', '2024-10-15', 1320.19, 1145.38, 'paid', 0),
(983, 4, 4, '2024-10-15', '2024-10-23', 2126.65, 2012.25, 'paid', 0),
(984, 10, 7, '2024-10-15', '2024-10-24', 520.6, 440.91, 'paid', 0),
(985, 4, 5, '2024-10-15', '2024-10-19', 1050.43, 856.68, 'paid', 1),
(986, 15, 5, '2024-10-17', '2024-10-25', 1948.05, 1682.43, 'paid', 0),
(987, 5, 4, '2024-10-17', '2024-10-23', 686.97, 641.72, 'paid', 0),
(988, 9, 3, '2024-10-17', '2024-10-20', 1712.9, 1511.78, 'paid', 0),
(989, 12, 2, '2024-10-18', '2024-10-26', 1789.59, 1235.0, 'paid', 0),
(990, 13, 3, '2024-10-18', '2024-10-21', 1986.5, 1137.33, 'paid', 0),
(991, 8, 2, '2024-10-19', '2024-10-26', 558.14, 308.6, 'paid', 0),
(992, 13, 3, '2024-10-19', '2024-10-24', 609.68, 335.73, 'paid', 1),
(993, 4, 1, '2024-10-19', '2024-10-21', 680.56, 641.27, 'paid', 0),
(994, 3, 2, '2024-10-20', '2024-10-24', 237.08, 199.05, 'paid', 0),
(995, 3, 1, '2024-10-23', '2024-10-26', 1490.55, 1190.37, 'paid', 0),
(996, 15, 3, '2024-10-23', '2024-10-24', 160.13, 96.15, 'paid', 0),
(997, 5, 6, '2024-10-24', '2024-10-28', 1781.61, 1061.34, 'paid', 0),
(998, 3, 7, '2024-10-24', '2024-11-02', 1603.64, 1008.55, 'paid', 0),
(999, 12, 4, '2024-10-24', '2024-10-25', 427.18, 331.52, 'paid', 1),
(1000, 13, 4, '2024-10-25', '2024-10-26', 478.81, 303.11, 'paid', 1),
(1001, 14, 3, '2024-10-25', '2024-10-29', 1957.24, 1738.49, 'paid', 0),
(1002, 7, 4, '2024-10-25', '2024-10-28', 2024.15, 1516.23, 'paid', 0),
(1003, 7, 7, '2024-10-27', '2024-11-01', 1486.06, 1155.99, 'paid', 0),
(1004, 4, 1, '2024-10-28', '2024-11-02', 1575.21, 1286.41, 'paid', 0),
(1005, 11, 4, '2024-10-29', '2024-10-31', 712.56, 629.49, 'denied', 1),
(1006, 5, 4, '2024-10-29', '2024-10-31', 1918.78, 1350.56, 'denied', 0),
(1007, 13, 2, '2024-10-30', '2024-11-02', 545.49, 454.3, 'paid', 1),
(1008, 1, 1, '2024-11-02', '2024-11-04', 360.2, 214.6, 'paid', 0),
(1009, 9, 2, '2024-11-02', '2024-11-03', 1182.42, 741.85, 'paid', 0),
(1010, 13, 1, '2024-11-02', '2024-11-12', 462.03, 332.89, 'denied', 0),
(1011, 9, 5, '2024-11-03', '2024-11-09', 2058.53, 1152.5, 'paid', 0),
(1012, 9, 5, '2024-11-04', '2024-11-11', 198.23, 174.53, 'paid', 0),
(1013, 5, 7, '2024-11-04', '2024-11-11', 1641.19, 1369.91, 'paid', 0),
(1014, 3, 3, '2024-11-06', '2024-11-12', 2049.71, 1847.12, 'paid', 2),
(1015, 14, 7, '2024-11-08', '2024-11-09', 153.84, 124.5, 'paid', 0),
(1016, 2, 1, '2024-11-08', '2024-11-17', 920.47, 660.15, 'paid', 2),
(1017, 6, 7, '2024-11-08', '2024-11-16', 2087.28, 1668.35, 'paid', 0),
(1018, 15, 4, '2024-11-09', '2024-11-15', 1245.38, 1038.5, 'paid', 1),
(1019, 4, 7, '2024-11-11', '2024-11-12', 930.54, 609.27, 'paid', 0),
(1020, 14, 5, '2024-11-11', '2024-11-17', 969.23, 589.81, 'paid', 1),
(1021, 13, 7, '2024-11-12', '2024-11-19', 1401.9, 1078.82, 'paid', 0),
(1022, 1, 1, '2024-11-12', '2024-11-15', 2045.21, 1709.51, 'paid', 1),
(1023, 4, 6, '2024-11-13', '2024-11-19', 2041.8, 1604.88, 'denied', 2),
(1024, 6, 1, '2024-11-14', '2024-11-20', 942.51, 590.96, 'paid', 1),
(1025, 3, 7, '2024-11-14', '2024-11-18', 1764.39, 1322.87, 'paid', 1),
(1026, 8, 1, '2024-11-14', '2024-11-22', 1429.47, 1214.15, 'paid', 0),
(1027, 9, 5, '2024-11-15', '2024-11-18', 1383.89, 1002.49, 'paid', 0),
(1028, 13, 7, '2024-11-15', '2024-11-21', 792.76, 442.0, 'paid', 0),
(1029, 2, 2, '2024-11-16', '2024-11-26', 1959.9, 1709.82, 'paid', 0),
(1030, 4, 4, '2024-11-16', '2024-11-26', 1316.36, 728.76, 'denied', 1),
(1031, 4, 6, '2024-11-17', '2024-11-22', 2152.33, 1585.26, 'paid', 1),
(1032, 4, 5, '2024-11-17', '2024-11-18', 747.16, 694.61, 'paid', 0),
(1033, 7, 1, '2024-11-17', '2024-11-18', 1499.53, 1172.41, 'paid', 0),
(1034, 6, 1, '2024-11-18', '2024-11-23', 2033.63, 1767.89, 'denied', 0),
(1035, 12, 1, '2024-11-18', '2024-11-28', 837.98, 650.61, 'paid', 0),
(1036, 5, 3, '2024-11-19', '2024-11-25', 1390.76, 1219.38, 'paid', 0),
(1037, 7, 2, '2024-11-19', '2024-11-25', 792.44, 519.03, 'denied', 0),
(1038, 3, 6, '2024-11-19', '2024-11-24', 1725.78, 1636.02, 'paid', 0),
(1039, 8, 2, '2024-11-20', '2024-11-27', 2154.38, 1751.27, 'paid', 0),
(1040, 15, 7, '2024-11-24', '2024-12-02', 116.68, 59.2, 'denied', 2),
(1041, 4, 5, '2024-11-24', '2024-12-02', 87.61, 77.53, 'denied', 0),
(1042, 9, 2, '2024-11-24', '2024-11-27', 1525.22, 909.9, 'paid', 1),
(1043, 1, 5, '2024-11-25', '2024-11-29', 1739.05, 1244.62, 'denied', 2),
(1044, 10, 5, '2024-11-25', '2024-12-01', 889.01, 810.23, 'paid', 0),
(1045, 8, 4, '2024-11-25', '2024-11-30', 1674.72, 1334.45, 'paid', 0),
(1046, 7, 1, '2024-11-26', '2024-12-01', 897.42, 526.02, 'paid', 2),
(1047, 6, 1, '2024-11-27', '2024-11-29', 602.63, 488.03, 'paid', 0),
(1048, 12, 3, '2024-11-27', '2024-12-06', 378.83, 309.84, 'paid', 0),
(1049, 9, 7, '2024-11-27', '2024-12-02', 2066.61, 1839.31, 'paid', 0),
(1050, 10, 4, '2024-11-28', '2024-12-06', 2184.73, 1605.92, 'paid', 0),
(1051, 5, 3, '2024-11-28', '2024-12-05', 2055.1, 1371.54, 'paid', 0),
(1052, 3, 3, '2024-11-28', '2024-12-02', 882.11, 781.55, 'paid', 0),
(1053, 5, 4, '2024-12-03', '2024-12-06', 380.97, 280.1, 'paid', 0),
(1054, 15, 2, '2024-12-03', '2024-12-11', 1374.24, 1242.34, 'paid', 0),
(1055, 15, 6, '2024-12-03', '2024-12-04', 1696.36, 1267.86, 'denied', 0),
(1056, 6, 1, '2024-12-04', '2024-12-09', 1633.82, 1304.14, 'paid', 0),
(1057, 6, 7, '2024-12-04', '2024-12-08', 501.88, 394.87, 'paid', 0),
(1058, 14, 4, '2024-12-05', '2024-12-09', 1892.67, 1360.51, 'paid', 1),
(1059, 15, 6, '2024-12-06', '2024-12-15', 2112.65, 1423.98, 'paid', 0),
(1060, 8, 3, '2024-12-08', '2024-12-09', 1577.34, 873.05, 'paid', 0),
(1061, 10, 7, '2024-12-08', '2024-12-16', 1679.46, 1124.79, 'denied', 1),
(1062, 6, 5, '2024-12-09', '2024-12-13', 876.25, 797.11, 'paid', 1),
(1063, 7, 3, '2024-12-09', '2024-12-16', 1973.3, 1309.36, 'paid', 0),
(1064, 6, 6, '2024-12-09', '2024-12-16', 1603.91, 957.8, 'paid', 1),
(1065, 10, 4, '2024-12-10', '2024-12-18', 1170.75, 858.17, 'paid', 2),
(1066, 4, 7, '2024-12-11', '2024-12-12', 887.99, 751.15, 'paid', 0),
(1067, 14, 7, '2024-12-12', '2024-12-20', 1321.47, NULL, 'pending', 0),
(1068, 4, 1, '2024-12-12', '2024-12-17', 1978.71, 1745.62, 'paid', 1),
(1069, 6, 7, '2024-12-13', '2024-12-20', 692.05, NULL, 'pending', 0),
(1070, 14, 6, '2024-12-14', '2024-12-15', 467.34, 381.88, 'denied', 2),
(1071, 14, 7, '2024-12-15', '2024-12-22', 1994.93, 1196.43, 'paid', 0),
(1072, 1, 7, '2024-12-16', '2024-12-22', 1572.32, NULL, 'pending', 0),
(1073, 12, 3, '2024-12-18', '2024-12-28', 1648.92, 1401.25, 'paid', 0),
(1074, 10, 4, '2024-12-18', '2024-12-27', 1510.56, 1084.33, 'paid', 0),
(1075, 15, 4, '2024-12-19', '2024-12-29', 452.15, NULL, 'pending', 0),
(1076, 8, 7, '2024-12-20', '2024-12-24', 738.44, NULL, 'pending', 0),
(1077, 5, 3, '2024-12-22', '2024-12-31', 1914.96, 1102.01, 'paid', 0),
(1078, 5, 1, '2024-12-22', '2024-12-29', 1309.0, NULL, 'pending', 0),
(1079, 11, 3, '2024-12-24', '2024-12-26', 661.27, NULL, 'pending', 0),
(1080, 7, 4, '2024-12-24', '2024-12-25', 2056.26, 1159.41, 'paid', 1),
(1081, 10, 3, '2024-12-25', '2025-01-03', 1150.4, 1060.06, 'paid', 0),
(1082, 6, 3, '2024-12-25', '2024-12-31', 998.27, NULL, 'pending', 0),
(1083, 6, 7, '2024-12-25', '2024-12-29', 1456.48, NULL, 'pending', 0),
(1084, 2, 5, '2024-12-26', '2025-01-03', 1443.49, 1280.91, 'paid', 0),
(1085, 15, 7, '2024-12-27', '2025-01-01', 915.1, NULL, 'pending', 0),
(1086, 8, 6, '2024-12-27', '2025-01-04', 273.55, NULL, 'pending', 0),
(1087, 9, 4, '2024-12-28', '2025-01-07', 190.32, 165.65, 'paid', 0),
(1088, 10, 6, '2024-12-28', '2024-12-29', 2136.68, NULL, 'pending', 0),
(1089, 15, 1, '2024-12-29', '2025-01-07', 1942.14, 1434.15, 'denied', 1),
(1090, 2, 7, '2024-12-29', '2025-01-08', 761.26, 555.85, 'paid', 1),
(1091, 8, 5, '2024-12-30', '2024-12-31', 1232.23, NULL, 'pending', 0),
(1092, 13, 2, '2024-12-30', '2025-01-07', 1805.9, 992.89, 'denied', 2),
(1093, 10, 6, '2024-12-31', '2025-01-10', 198.51, NULL, 'pending', 0);

INSERT INTO payments (payment_id, claim_id, payment_date, paid_amount) VALUES
(1, 1, '2023-02-22', 1553.46),
(2, 2, '2023-02-25', 1002.6),
(3, 3, '2023-02-25', 379.23),
(4, 4, '2023-02-28', 976.14),
(5, 5, '2023-02-27', 158.38),
(6, 6, '2023-02-04', 228.44),
(7, 7, '2023-02-10', 1176.62),
(8, 8, '2023-02-15', 897.77),
(9, 9, '2023-02-01', 694.45),
(10, 10, '2023-03-18', 1748.88),
(11, 11, '2023-02-15', 160.82),
(12, 12, '2023-02-08', 1080.57),
(13, 13, '2023-03-10', 271.9),
(14, 14, '2023-02-23', 176.98),
(15, 15, '2023-03-05', 332.69),
(16, 16, '2023-03-03', 1059.27),
(17, 17, '2023-02-26', 1480.2),
(18, 18, '2023-02-03', 1297.61),
(19, 19, '2023-03-17', 1292.63),
(20, 20, '2023-03-01', 921.41),
(21, 21, '2023-03-13', 889.34),
(22, 22, '2023-02-12', 962.02),
(23, 23, '2023-03-11', 918.64),
(24, 26, '2023-03-10', 618.15),
(25, 27, '2023-02-16', 782.38),
(26, 28, '2023-02-15', 1318.65),
(27, 29, '2023-03-16', 834.23),
(28, 30, '2023-02-17', 1350.7),
(29, 31, '2023-02-22', 639.47),
(30, 32, '2023-02-02', 1882.41),
(31, 33, '2023-03-26', 310.5),
(32, 34, '2023-03-08', 1184.3),
(33, 36, '2023-02-24', 696.77),
(34, 37, '2023-03-02', 1775.74),
(35, 38, '2023-02-28', 72.74),
(36, 39, '2023-03-03', 123.03),
(37, 40, '2023-03-24', 618.04),
(38, 41, '2023-03-04', 1717.69),
(39, 42, '2023-02-24', 1784.95),
(40, 43, '2023-03-24', 90.02),
(41, 44, '2023-04-01', 1168.68),
(42, 45, '2023-03-13', 1623.55),
(43, 46, '2023-03-05', 266.92),
(44, 47, '2023-02-23', 262.33),
(45, 48, '2023-03-31', 773.2),
(46, 49, '2023-03-21', 276.64),
(47, 50, '2023-04-05', 1592.03),
(48, 51, '2023-03-13', 960.2),
(49, 52, '2023-02-24', 1485.01),
(50, 53, '2023-04-01', 379.26),
(51, 54, '2023-04-03', 1341.55),
(52, 56, '2023-03-16', 1164.74),
(53, 57, '2023-03-05', 94.7),
(54, 58, '2023-03-25', 347.9),
(55, 59, '2023-03-21', 401.4),
(56, 60, '2023-04-02', 536.92),
(57, 61, '2023-03-12', 1079.51),
(58, 62, '2023-03-28', 507.47),
(59, 63, '2023-03-19', 1305.78),
(60, 64, '2023-03-30', 1404.52),
(61, 65, '2023-04-04', 769.74),
(62, 66, '2023-03-22', 637.96),
(63, 67, '2023-04-08', 368.46),
(64, 68, '2023-03-05', 147.85),
(65, 69, '2023-03-18', 541.22),
(66, 70, '2023-04-04', 1058.06),
(67, 71, '2023-03-29', 851.19),
(68, 72, '2023-03-24', 205.02),
(69, 73, '2023-03-26', 512.51),
(70, 75, '2023-03-31', 954.74),
(71, 76, '2023-04-02', 324.66),
(72, 78, '2023-04-15', 172.12),
(73, 79, '2023-03-21', 1322.73),
(74, 80, '2023-04-21', 483.96),
(75, 81, '2023-03-30', 572.62),
(76, 83, '2023-03-28', 342.67),
(77, 84, '2023-03-12', 565.77),
(78, 85, '2023-04-09', 664.87),
(79, 86, '2023-03-19', 771.51),
(80, 87, '2023-03-26', 554.17),
(81, 88, '2023-03-26', 485.8),
(82, 89, '2023-04-16', 1732.12),
(83, 90, '2023-03-30', 1526.1),
(84, 91, '2023-04-25', 906.66),
(85, 92, '2023-04-01', 594.7),
(86, 93, '2023-03-25', 366.65),
(87, 94, '2023-03-18', 320.09),
(88, 95, '2023-04-24', 452.05),
(89, 96, '2023-03-13', 300.87),
(90, 97, '2023-05-12', 850.09),
(91, 98, '2023-03-30', 1003.28),
(92, 99, '2023-04-24', 809.29),
(93, 101, '2023-04-11', 717.1),
(94, 104, '2023-05-06', 971.47),
(95, 105, '2023-04-10', 666.33),
(96, 106, '2023-04-26', 1159.55),
(97, 107, '2023-03-27', 700.46),
(98, 108, '2023-04-23', 131.03),
(99, 109, '2023-05-03', 872.32),
(100, 110, '2023-04-04', 343.72),
(101, 111, '2023-04-14', 845.96),
(102, 113, '2023-05-04', 1231.79),
(103, 114, '2023-04-18', 632.55),
(104, 115, '2023-04-09', 1548.2),
(105, 116, '2023-04-17', 1214.37),
(106, 117, '2023-04-17', 399.48),
(107, 118, '2023-04-19', 898.53),
(108, 119, '2023-04-21', 1486.89),
(109, 120, '2023-04-05', 1048.72),
(110, 121, '2023-04-15', 1024.16),
(111, 122, '2023-04-03', 1364.1),
(112, 123, '2023-04-17', 928.23),
(113, 124, '2023-04-29', 621.42),
(114, 125, '2023-05-01', 878.74),
(115, 127, '2023-05-08', 312.0),
(116, 128, '2023-05-02', 916.73),
(117, 129, '2023-04-18', 1607.02),
(118, 130, '2023-05-30', 269.82),
(119, 131, '2023-05-04', 1168.71),
(120, 133, '2023-04-28', 1210.04),
(121, 134, '2023-05-29', 1041.01),
(122, 135, '2023-05-11', 692.64),
(123, 138, '2023-05-17', 133.69),
(124, 139, '2023-05-13', 1087.83),
(125, 140, '2023-04-28', 155.06),
(126, 141, '2023-04-30', 77.99),
(127, 142, '2023-05-30', 851.36),
(128, 143, '2023-05-21', 1449.5),
(129, 144, '2023-05-09', 1275.18),
(130, 145, '2023-06-05', 1136.99),
(131, 146, '2023-05-19', 624.78),
(132, 148, '2023-05-19', 305.81),
(133, 151, '2023-05-22', 1805.09),
(134, 152, '2023-06-22', 935.54),
(135, 153, '2023-05-07', 124.57),
(136, 154, '2023-05-31', 78.35),
(137, 155, '2023-05-20', 1384.9),
(138, 156, '2023-06-01', 978.39),
(139, 157, '2023-06-16', 1042.05),
(140, 158, '2023-05-22', 991.47),
(141, 159, '2023-05-24', 1282.96),
(142, 160, '2023-05-24', 948.41),
(143, 162, '2023-05-27', 1157.79),
(144, 163, '2023-06-10', 1222.5),
(145, 164, '2023-06-19', 812.66),
(146, 165, '2023-05-19', 1574.54),
(147, 166, '2023-05-31', 564.49),
(148, 167, '2023-05-25', 1168.03),
(149, 169, '2023-05-28', 1043.08),
(150, 170, '2023-05-23', 835.46),
(151, 171, '2023-06-07', 1310.2),
(152, 172, '2023-06-01', 323.42),
(153, 173, '2023-06-01', 1238.19),
(154, 174, '2023-05-24', 1026.99),
(155, 175, '2023-05-17', 178.64),
(156, 176, '2023-05-28', 123.88),
(157, 178, '2023-05-26', 1090.94),
(158, 181, '2023-06-04', 1022.91),
(159, 182, '2023-06-22', 1076.45),
(160, 183, '2023-06-17', 1235.42),
(161, 184, '2023-06-04', 989.68),
(162, 185, '2023-05-25', 779.18),
(163, 186, '2023-05-31', 787.53),
(164, 187, '2023-06-14', 519.78),
(165, 188, '2023-06-10', 303.52),
(166, 189, '2023-06-22', 1943.69),
(167, 190, '2023-07-08', 1570.09),
(168, 191, '2023-07-03', 1226.82),
(169, 192, '2023-06-24', 1115.24),
(170, 193, '2023-06-25', 332.71),
(171, 194, '2023-06-20', 208.89),
(172, 195, '2023-06-20', 1079.39),
(173, 196, '2023-07-26', 1272.14),
(174, 198, '2023-06-25', 421.73),
(175, 199, '2023-07-18', 282.52),
(176, 200, '2023-07-07', 1108.2),
(177, 201, '2023-07-11', 1085.72),
(178, 202, '2023-06-26', 973.33),
(179, 203, '2023-06-11', 476.3),
(180, 204, '2023-06-17', 393.76),
(181, 205, '2023-07-09', 161.99),
(182, 206, '2023-07-06', 713.84),
(183, 207, '2023-07-24', 1462.95),
(184, 209, '2023-06-21', 1290.68),
(185, 210, '2023-07-18', 387.02),
(186, 211, '2023-07-07', 1069.49),
(187, 212, '2023-06-28', 151.74),
(188, 213, '2023-06-29', 1863.97),
(189, 214, '2023-06-18', 1066.16),
(190, 215, '2023-08-04', 360.94),
(191, 216, '2023-07-07', 715.76),
(192, 217, '2023-06-11', 412.58),
(193, 218, '2023-06-23', 533.48),
(194, 219, '2023-07-13', 1659.27),
(195, 220, '2023-06-17', 319.86),
(196, 221, '2023-06-27', 1152.61),
(197, 224, '2023-07-03', 847.13),
(198, 225, '2023-07-11', 776.27),
(199, 226, '2023-07-25', 1475.38),
(200, 227, '2023-07-24', 1288.11),
(201, 228, '2023-07-13', 1549.43),
(202, 229, '2023-07-03', 1024.26),
(203, 230, '2023-08-02', 166.75),
(204, 231, '2023-07-21', 1564.84),
(205, 232, '2023-08-03', 572.38),
(206, 233, '2023-07-14', 433.23),
(207, 234, '2023-07-13', 674.8),
(208, 235, '2023-08-04', 1113.03),
(209, 236, '2023-07-23', 775.07),
(210, 237, '2023-08-01', 1954.61),
(211, 238, '2023-07-26', 961.16),
(212, 239, '2023-07-24', 774.43),
(213, 240, '2023-07-26', 574.61),
(214, 242, '2023-07-15', 239.48),
(215, 243, '2023-07-08', 429.97),
(216, 244, '2023-07-09', 274.11),
(217, 245, '2023-08-16', 672.57),
(218, 246, '2023-07-16', 389.21),
(219, 247, '2023-08-14', 1074.87),
(220, 248, '2023-07-21', 197.1),
(221, 249, '2023-07-15', 872.92),
(222, 250, '2023-07-25', 1609.39),
(223, 251, '2023-08-09', 1125.97),
(224, 252, '2023-07-23', 627.57),
(225, 253, '2023-08-11', 74.38),
(226, 254, '2023-07-29', 1339.46),
(227, 256, '2023-08-17', 1029.43),
(228, 257, '2023-07-31', 157.48),
(229, 258, '2023-08-16', 612.49),
(230, 259, '2023-07-23', 559.77),
(231, 260, '2023-08-20', 453.62),
(232, 261, '2023-07-17', 63.6),
(233, 262, '2023-07-16', 1811.16),
(234, 263, '2023-07-27', 828.66),
(235, 264, '2023-08-02', 1025.77),
(236, 265, '2023-08-04', 420.98),
(237, 266, '2023-08-05', 364.82),
(238, 267, '2023-08-25', 83.18),
(239, 268, '2023-07-22', 419.74),
(240, 269, '2023-08-08', 228.21),
(241, 270, '2023-08-10', 1298.89),
(242, 271, '2023-08-14', 510.13),
(243, 272, '2023-08-05', 647.09),
(244, 273, '2023-08-28', 949.45),
(245, 274, '2023-07-31', 1111.47),
(246, 275, '2023-08-09', 135.45),
(247, 276, '2023-08-12', 1323.6),
(248, 277, '2023-09-10', 1194.01),
(249, 278, '2023-08-13', 1275.31),
(250, 279, '2023-09-01', 1484.73),
(251, 280, '2023-07-24', 162.13),
(252, 282, '2023-08-22', 736.56),
(253, 284, '2023-07-30', 855.32),
(254, 285, '2023-08-01', 745.34),
(255, 286, '2023-08-29', 1690.6),
(256, 288, '2023-08-18', 1136.71),
(257, 289, '2023-09-04', 602.43),
(258, 290, '2023-08-16', 265.42),
(259, 291, '2023-08-12', 854.63),
(260, 293, '2023-08-06', 1005.47),
(261, 295, '2023-09-02', 190.61),
(262, 296, '2023-08-29', 814.31),
(263, 298, '2023-08-27', 804.52),
(264, 299, '2023-09-08', 430.02),
(265, 300, '2023-09-03', 313.75),
(266, 301, '2023-09-19', 273.14),
(267, 302, '2023-09-23', 204.81),
(268, 303, '2023-09-21', 135.47),
(269, 304, '2023-08-25', 1418.58),
(270, 305, '2023-08-15', 914.61),
(271, 306, '2023-09-25', 1162.41),
(272, 308, '2023-08-29', 295.37),
(273, 309, '2023-09-17', 976.12),
(274, 311, '2023-09-29', 677.36),
(275, 312, '2023-09-01', 1224.71),
(276, 313, '2023-09-10', 689.54),
(277, 314, '2023-08-22', 491.42),
(278, 315, '2023-09-03', 932.51),
(279, 316, '2023-08-31', 1432.63),
(280, 317, '2023-10-12', 1284.36),
(281, 318, '2023-09-01', 353.71),
(282, 319, '2023-09-04', 600.79),
(283, 320, '2023-08-24', 1328.16),
(284, 321, '2023-10-06', 1099.76),
(285, 322, '2023-08-23', 1077.49),
(286, 323, '2023-09-15', 1218.97),
(287, 324, '2023-09-12', 402.1),
(288, 325, '2023-09-06', 605.81),
(289, 326, '2023-09-13', 776.49),
(290, 328, '2023-09-26', 890.9),
(291, 329, '2023-10-03', 534.74),
(292, 330, '2023-09-26', 679.35),
(293, 331, '2023-10-24', 258.72),
(294, 332, '2023-09-22', 1064.96),
(295, 333, '2023-10-07', 992.2),
(296, 335, '2023-10-11', 147.1),
(297, 337, '2023-10-13', 1348.41),
(298, 338, '2023-09-19', 462.99),
(299, 339, '2023-10-14', 1088.83),
(300, 340, '2023-09-07', 1222.21),
(301, 341, '2023-09-20', 219.88),
(302, 342, '2023-10-08', 1075.2),
(303, 343, '2023-10-07', 995.5),
(304, 344, '2023-10-07', 62.49),
(305, 345, '2023-10-20', 996.62),
(306, 346, '2023-09-02', 95.11),
(307, 347, '2023-09-13', 1166.35),
(308, 348, '2023-09-03', 668.92),
(309, 349, '2023-09-20', 545.18),
(310, 350, '2023-08-27', 1653.43),
(311, 351, '2023-10-18', 1110.27),
(312, 353, '2023-10-05', 1253.86),
(313, 354, '2023-10-26', 721.64),
(314, 355, '2023-09-20', 1222.31),
(315, 356, '2023-09-21', 211.13),
(316, 357, '2023-10-28', 465.35),
(317, 359, '2023-10-07', 84.93),
(318, 360, '2023-10-10', 443.96),
(319, 361, '2023-10-22', 733.24),
(320, 362, '2023-11-07', 1257.2),
(321, 363, '2023-11-06', 564.62),
(322, 364, '2023-10-12', 269.03),
(323, 365, '2023-10-04', 749.53),
(324, 366, '2023-10-30', 992.16),
(325, 368, '2023-10-12', 1467.51),
(326, 370, '2023-10-13', 840.57),
(327, 371, '2023-10-03', 1131.97),
(328, 372, '2023-10-19', 515.04),
(329, 374, '2023-10-23', 574.24),
(330, 375, '2023-10-20', 1127.32),
(331, 376, '2023-10-11', 999.85),
(332, 377, '2023-09-28', 670.3),
(333, 378, '2023-11-04', 1039.94),
(334, 379, '2023-11-07', 1499.71),
(335, 380, '2023-10-13', 1520.34),
(336, 381, '2023-10-11', 848.51),
(337, 382, '2023-10-05', 119.7),
(338, 383, '2023-09-29', 1460.97),
(339, 384, '2023-11-02', 1190.2),
(340, 385, '2023-09-28', 896.16),
(341, 386, '2023-10-25', 743.91),
(342, 388, '2023-10-15', 621.1),
(343, 389, '2023-10-26', 459.06),
(344, 390, '2023-10-01', 237.52),
(345, 391, '2023-10-13', 155.85),
(346, 393, '2023-11-10', 1680.66),
(347, 394, '2023-11-07', 1375.73),
(348, 395, '2023-11-24', 1567.26),
(349, 396, '2023-11-06', 88.3),
(350, 397, '2023-11-10', 874.41),
(351, 398, '2023-11-17', 1578.84),
(352, 399, '2023-11-09', 933.19),
(353, 400, '2023-11-19', 1733.48),
(354, 401, '2023-11-12', 831.17),
(355, 402, '2023-11-10', 451.24),
(356, 403, '2023-11-23', 1536.33),
(357, 404, '2023-11-01', 1065.72),
(358, 405, '2023-12-13', 653.44),
(359, 406, '2023-12-01', 787.46),
(360, 407, '2023-10-24', 354.14),
(361, 408, '2023-10-23', 439.01),
(362, 409, '2023-12-12', 266.55),
(363, 410, '2023-11-22', 1053.09),
(364, 412, '2023-11-04', 1126.74),
(365, 413, '2023-10-25', 1058.62),
(366, 414, '2023-11-16', 321.96),
(367, 415, '2023-11-11', 1685.82),
(368, 416, '2023-11-06', 1761.59),
(369, 417, '2023-11-04', 354.51),
(370, 418, '2023-11-05', 578.03),
(371, 419, '2023-11-12', 470.9),
(372, 420, '2023-11-06', 583.91),
(373, 421, '2023-11-24', 924.33),
(374, 422, '2023-10-27', 635.09),
(375, 424, '2023-10-27', 1911.11),
(376, 425, '2023-11-20', 1654.97),
(377, 426, '2023-12-01', 618.6),
(378, 427, '2023-11-04', 440.29),
(379, 428, '2023-12-09', 1000.79),
(380, 429, '2023-11-02', 1019.38),
(381, 430, '2023-11-06', 981.85),
(382, 431, '2023-11-03', 311.62),
(383, 432, '2023-11-12', 75.66),
(384, 433, '2023-12-02', 1617.82),
(385, 434, '2023-11-08', 373.48),
(386, 436, '2023-11-09', 1100.27),
(387, 437, '2023-12-10', 1111.44),
(388, 438, '2023-12-14', 606.55),
(389, 439, '2023-12-11', 97.2),
(390, 440, '2023-12-06', 1565.86),
(391, 441, '2023-12-26', 355.83),
(392, 442, '2023-11-18', 1323.83),
(393, 444, '2023-11-18', 730.91),
(394, 445, '2023-12-28', 278.12),
(395, 447, '2023-12-10', 1479.47),
(396, 448, '2023-12-11', 1397.64),
(397, 450, '2023-12-14', 867.18),
(398, 451, '2023-11-20', 781.14),
(399, 453, '2023-11-23', 914.07),
(400, 455, '2023-11-24', 1103.12),
(401, 456, '2023-11-28', 768.69),
(402, 457, '2023-11-29', 1224.51),
(403, 458, '2023-12-16', 170.01),
(404, 459, '2023-11-26', 138.6),
(405, 460, '2024-01-04', 1191.91),
(406, 461, '2023-12-14', 1686.41),
(407, 462, '2023-12-07', 423.59),
(408, 463, '2023-12-23', 436.44),
(409, 464, '2023-12-08', 48.8),
(410, 465, '2023-12-07', 987.49),
(411, 466, '2023-12-06', 814.48),
(412, 467, '2024-01-10', 1530.73),
(413, 468, '2023-12-09', 339.24),
(414, 469, '2023-12-15', 124.15),
(415, 470, '2023-12-14', 274.8),
(416, 471, '2023-12-22', 560.93),
(417, 472, '2023-12-12', 86.21),
(418, 474, '2023-11-24', 573.06),
(419, 475, '2023-11-30', 61.29),
(420, 476, '2023-12-19', 716.78),
(421, 478, '2024-01-16', 150.96),
(422, 480, '2023-12-09', 329.17),
(423, 481, '2024-01-20', 1133.94),
(424, 482, '2024-01-06', 1107.31),
(425, 483, '2024-01-03', 146.85),
(426, 485, '2023-12-29', 881.67),
(427, 486, '2024-01-21', 1103.68),
(428, 487, '2024-01-21', 564.73),
(429, 488, '2023-12-28', 90.99),
(430, 489, '2023-12-25', 1234.29),
(431, 490, '2023-12-14', 97.36),
(432, 491, '2023-12-12', 972.05),
(433, 492, '2023-12-25', 849.19),
(434, 493, '2023-12-23', 207.26),
(435, 494, '2024-01-06', 1241.23),
(436, 495, '2023-12-10', 833.44),
(437, 496, '2024-01-01', 747.52),
(438, 497, '2024-01-19', 984.48),
(439, 500, '2023-12-17', 696.48),
(440, 501, '2024-01-06', 1882.0),
(441, 503, '2024-01-24', 563.19),
(442, 504, '2024-01-06', 1303.64),
(443, 506, '2024-01-17', 114.95),
(444, 508, '2024-01-08', 649.55),
(445, 510, '2024-01-22', 337.84),
(446, 512, '2024-01-22', 1107.95),
(447, 513, '2024-01-03', 1737.18),
(448, 514, '2024-01-14', 89.55),
(449, 515, '2024-01-16', 417.47),
(450, 516, '2024-01-04', 576.79),
(451, 517, '2023-12-31', 983.75),
(452, 518, '2024-02-03', 1293.22),
(453, 519, '2023-12-26', 384.13),
(454, 520, '2024-01-28', 1144.3),
(455, 521, '2024-02-11', 303.37),
(456, 522, '2024-01-27', 292.36),
(457, 523, '2024-02-01', 752.26),
(458, 524, '2024-02-08', 1368.67),
(459, 525, '2024-01-01', 833.96),
(460, 526, '2024-02-04', 1776.82),
(461, 527, '2024-01-21', 1402.39),
(462, 528, '2024-01-30', 1016.64),
(463, 529, '2024-02-11', 1152.09),
(464, 530, '2024-01-22', 1283.67),
(465, 531, '2024-01-28', 404.43),
(466, 532, '2024-02-24', 1108.0),
(467, 533, '2024-01-22', 1617.95),
(468, 534, '2024-01-23', 405.94),
(469, 535, '2024-01-13', 139.98),
(470, 536, '2024-02-27', 897.32),
(471, 537, '2024-01-11', 970.35),
(472, 538, '2024-02-05', 698.2),
(473, 540, '2024-01-29', 227.6),
(474, 541, '2024-02-08', 1338.85),
(475, 542, '2024-02-23', 74.73),
(476, 543, '2024-01-12', 994.95),
(477, 544, '2024-02-19', 1199.95),
(478, 545, '2024-01-22', 644.73),
(479, 546, '2024-02-24', 1076.57),
(480, 547, '2024-02-29', 1369.28),
(481, 548, '2024-01-30', 1370.12),
(482, 549, '2024-02-09', 1010.16),
(483, 550, '2024-02-01', 499.11),
(484, 551, '2024-03-05', 1202.96),
(485, 552, '2024-03-01', 209.53),
(486, 553, '2024-02-03', 1251.48),
(487, 554, '2024-02-23', 1245.15),
(488, 555, '2024-02-08', 1434.32),
(489, 556, '2024-03-05', 865.28),
(490, 558, '2024-02-06', 729.53),
(491, 559, '2024-02-04', 991.5),
(492, 560, '2024-02-15', 293.18),
(493, 561, '2024-01-19', 1358.41),
(494, 564, '2024-02-02', 421.33),
(495, 565, '2024-02-27', 536.15),
(496, 566, '2024-02-16', 1015.04),
(497, 567, '2024-03-13', 55.89),
(498, 568, '2024-03-09', 935.51),
(499, 569, '2024-03-20', 1389.73),
(500, 570, '2024-03-12', 243.4),
(501, 571, '2024-03-20', 1444.25),
(502, 572, '2024-03-13', 1018.74),
(503, 573, '2024-03-18', 993.76),
(504, 574, '2024-02-20', 1576.14),
(505, 575, '2024-02-15', 95.96),
(506, 576, '2024-03-22', 813.29),
(507, 578, '2024-03-18', 1399.07),
(508, 580, '2024-03-10', 715.5),
(509, 581, '2024-02-29', 272.11),
(510, 582, '2024-02-29', 609.8),
(511, 583, '2024-03-23', 1193.41),
(512, 584, '2024-02-28', 765.87),
(513, 585, '2024-03-04', 525.62),
(514, 586, '2024-03-15', 308.66),
(515, 587, '2024-03-31', 1001.74),
(516, 588, '2024-03-04', 386.67),
(517, 589, '2024-03-08', 174.34),
(518, 591, '2024-03-14', 897.55),
(519, 592, '2024-03-22', 193.49),
(520, 593, '2024-02-25', 957.48),
(521, 594, '2024-03-19', 766.21),
(522, 595, '2024-03-02', 1038.8),
(523, 596, '2024-02-23', 767.34),
(524, 598, '2024-03-06', 497.22),
(525, 599, '2024-03-27', 1152.88),
(526, 601, '2024-03-14', 1488.14),
(527, 602, '2024-04-15', 1175.21),
(528, 603, '2024-03-28', 286.95),
(529, 604, '2024-02-29', 866.58),
(530, 605, '2024-03-31', 417.05),
(531, 606, '2024-04-10', 548.03),
(532, 607, '2024-03-11', 872.72),
(533, 608, '2024-03-08', 176.93),
(534, 609, '2024-03-09', 251.06),
(535, 610, '2024-03-22', 806.88),
(536, 611, '2024-03-16', 1282.1),
(537, 612, '2024-04-06', 1881.15),
(538, 613, '2024-03-27', 705.78),
(539, 614, '2024-03-25', 531.2),
(540, 615, '2024-03-26', 1121.41),
(541, 616, '2024-03-28', 1423.25),
(542, 619, '2024-03-25', 245.51),
(543, 620, '2024-03-11', 1316.99),
(544, 622, '2024-03-25', 770.37),
(545, 623, '2024-04-14', 2014.14),
(546, 624, '2024-05-05', 566.98),
(547, 625, '2024-03-23', 932.14),
(548, 626, '2024-04-04', 174.54),
(549, 627, '2024-03-24', 1804.7),
(550, 628, '2024-03-23', 1102.43),
(551, 629, '2024-03-06', 601.67),
(552, 630, '2024-04-01', 1353.13),
(553, 631, '2024-03-21', 793.26),
(554, 632, '2024-04-09', 1603.03),
(555, 633, '2024-04-24', 526.0),
(556, 634, '2024-03-22', 529.82),
(557, 635, '2024-03-25', 338.2),
(558, 638, '2024-04-19', 955.61),
(559, 639, '2024-04-04', 287.52),
(560, 640, '2024-03-28', 888.64),
(561, 641, '2024-05-12', 339.64),
(562, 642, '2024-04-06', 326.71),
(563, 643, '2024-03-31', 853.24),
(564, 644, '2024-05-04', 948.88),
(565, 645, '2024-04-13', 1484.37),
(566, 646, '2024-05-08', 1167.92),
(567, 647, '2024-04-27', 556.57),
(568, 648, '2024-04-23', 632.46),
(569, 649, '2024-04-12', 916.71),
(570, 650, '2024-04-05', 813.23),
(571, 651, '2024-05-13', 466.02),
(572, 652, '2024-05-11', 1480.58),
(573, 653, '2024-04-12', 346.52),
(574, 654, '2024-04-26', 251.01),
(575, 655, '2024-04-17', 261.9),
(576, 656, '2024-04-16', 264.1),
(577, 657, '2024-05-22', 185.05),
(578, 658, '2024-04-29', 439.19),
(579, 661, '2024-04-14', 173.72),
(580, 662, '2024-05-07', 1169.36),
(581, 663, '2024-05-03', 883.67),
(582, 664, '2024-05-16', 1092.54),
(583, 665, '2024-05-16', 768.1),
(584, 666, '2024-05-26', 453.85),
(585, 667, '2024-06-05', 1198.81),
(586, 668, '2024-05-03', 203.82),
(587, 670, '2024-04-20', 1026.44),
(588, 671, '2024-05-13', 89.81),
(589, 672, '2024-06-06', 197.99),
(590, 673, '2024-04-19', 65.92),
(591, 674, '2024-05-17', 214.31),
(592, 676, '2024-05-04', 293.13),
(593, 677, '2024-06-08', 185.88),
(594, 678, '2024-05-19', 1468.95),
(595, 679, '2024-05-04', 1781.46),
(596, 680, '2024-05-28', 713.73),
(597, 681, '2024-05-07', 1007.36),
(598, 682, '2024-06-01', 356.0),
(599, 683, '2024-06-01', 1032.05),
(600, 685, '2024-04-17', 1171.94),
(601, 686, '2024-05-16', 252.92),
(602, 687, '2024-06-14', 1235.51),
(603, 688, '2024-05-23', 69.18),
(604, 689, '2024-05-23', 817.54),
(605, 691, '2024-06-02', 1331.97),
(606, 692, '2024-05-28', 1149.32),
(607, 693, '2024-05-12', 546.54),
(608, 694, '2024-05-31', 556.02),
(609, 695, '2024-05-29', 406.05),
(610, 697, '2024-06-04', 1794.2),
(611, 698, '2024-05-20', 794.29),
(612, 700, '2024-06-15', 679.57),
(613, 701, '2024-05-30', 899.98),
(614, 702, '2024-05-21', 1300.32),
(615, 704, '2024-05-19', 758.24),
(616, 705, '2024-06-14', 729.71),
(617, 706, '2024-06-12', 140.06),
(618, 707, '2024-05-04', 1211.24),
(619, 708, '2024-06-12', 1192.32),
(620, 709, '2024-06-29', 349.61),
(621, 711, '2024-05-30', 641.92),
(622, 712, '2024-05-19', 1136.43),
(623, 713, '2024-05-19', 1111.29),
(624, 714, '2024-05-15', 586.87),
(625, 716, '2024-05-09', 442.79),
(626, 717, '2024-06-05', 269.99),
(627, 718, '2024-06-14', 980.68),
(628, 719, '2024-06-05', 674.14),
(629, 720, '2024-05-23', 332.07),
(630, 721, '2024-05-19', 856.21),
(631, 722, '2024-07-03', 600.62),
(632, 723, '2024-05-23', 599.54),
(633, 724, '2024-06-30', 623.3),
(634, 725, '2024-05-22', 1210.3),
(635, 726, '2024-07-05', 842.64),
(636, 727, '2024-06-25', 802.88),
(637, 728, '2024-06-29', 1326.16),
(638, 729, '2024-06-06', 521.58),
(639, 731, '2024-07-19', 751.46),
(640, 732, '2024-06-29', 525.0),
(641, 733, '2024-06-07', 112.08),
(642, 734, '2024-06-18', 1729.12),
(643, 735, '2024-06-20', 370.07),
(644, 736, '2024-06-24', 93.61),
(645, 737, '2024-06-03', 766.9),
(646, 738, '2024-07-04', 983.38),
(647, 739, '2024-06-12', 392.4),
(648, 740, '2024-06-15', 1053.0),
(649, 741, '2024-07-09', 1065.69),
(650, 742, '2024-06-02', 418.78),
(651, 743, '2024-06-05', 973.03),
(652, 744, '2024-07-09', 699.71),
(653, 745, '2024-06-09', 1157.04),
(654, 746, '2024-06-14', 181.04),
(655, 747, '2024-06-10', 611.64),
(656, 748, '2024-07-03', 1214.9),
(657, 749, '2024-06-01', 281.01),
(658, 750, '2024-07-10', 554.67),
(659, 751, '2024-06-30', 241.83),
(660, 752, '2024-06-25', 748.52),
(661, 753, '2024-06-20', 1321.0),
(662, 755, '2024-06-21', 197.43),
(663, 756, '2024-06-21', 1364.68),
(664, 758, '2024-07-12', 798.53),
(665, 759, '2024-07-12', 795.6),
(666, 760, '2024-06-24', 582.95),
(667, 761, '2024-06-22', 966.05),
(668, 762, '2024-07-04', 1203.09),
(669, 763, '2024-06-26', 199.81),
(670, 764, '2024-06-24', 183.33),
(671, 765, '2024-06-20', 917.73),
(672, 766, '2024-06-27', 908.99),
(673, 767, '2024-07-13', 1036.34),
(674, 768, '2024-06-29', 840.33),
(675, 769, '2024-06-24', 75.82),
(676, 770, '2024-06-25', 1380.68),
(677, 771, '2024-07-18', 851.86),
(678, 772, '2024-07-08', 1561.76),
(679, 773, '2024-08-06', 176.95),
(680, 774, '2024-07-01', 1145.97),
(681, 775, '2024-06-22', 627.11),
(682, 776, '2024-08-25', 105.5),
(683, 777, '2024-07-17', 390.31),
(684, 778, '2024-07-09', 1127.9),
(685, 779, '2024-07-23', 845.45),
(686, 780, '2024-08-01', 1828.14),
(687, 781, '2024-06-29', 507.71),
(688, 782, '2024-07-31', 324.68),
(689, 783, '2024-06-17', 179.9),
(690, 784, '2024-06-21', 1145.08),
(691, 786, '2024-08-10', 685.78),
(692, 787, '2024-07-16', 1415.82),
(693, 788, '2024-08-12', 370.68),
(694, 789, '2024-07-16', 1221.09),
(695, 791, '2024-08-11', 1023.64),
(696, 792, '2024-07-14', 1558.31),
(697, 793, '2024-07-19', 836.63),
(698, 794, '2024-07-21', 489.73),
(699, 795, '2024-08-15', 1339.69),
(700, 797, '2024-07-24', 1047.14),
(701, 798, '2024-08-17', 585.87),
(702, 799, '2024-08-03', 1161.99),
(703, 800, '2024-09-02', 1065.48),
(704, 801, '2024-08-10', 154.84),
(705, 802, '2024-07-23', 1464.47),
(706, 803, '2024-08-16', 55.25),
(707, 804, '2024-07-05', 668.37),
(708, 805, '2024-07-16', 680.1),
(709, 807, '2024-08-05', 1023.94),
(710, 808, '2024-07-25', 746.93),
(711, 809, '2024-08-10', 1348.43),
(712, 811, '2024-08-20', 1283.73),
(713, 812, '2024-07-31', 654.6),
(714, 813, '2024-08-11', 422.21),
(715, 814, '2024-08-03', 1112.52),
(716, 815, '2024-08-17', 744.43),
(717, 816, '2024-08-03', 54.78),
(718, 817, '2024-08-21', 187.28),
(719, 820, '2024-08-01', 1428.4),
(720, 821, '2024-08-08', 548.17),
(721, 822, '2024-08-30', 663.2),
(722, 823, '2024-07-26', 1106.76),
(723, 824, '2024-08-28', 828.71),
(724, 826, '2024-08-06', 876.62),
(725, 827, '2024-07-20', 950.92),
(726, 829, '2024-08-20', 1604.5),
(727, 830, '2024-08-19', 622.88),
(728, 831, '2024-09-05', 842.64),
(729, 832, '2024-08-11', 227.92),
(730, 834, '2024-08-06', 1331.26),
(731, 835, '2024-08-13', 112.22),
(732, 836, '2024-09-08', 1417.57),
(733, 837, '2024-08-07', 341.54),
(734, 838, '2024-08-01', 458.2),
(735, 839, '2024-09-05', 1019.33),
(736, 840, '2024-08-06', 1461.41),
(737, 841, '2024-08-19', 950.02),
(738, 842, '2024-08-13', 296.74),
(739, 843, '2024-09-21', 262.42),
(740, 844, '2024-08-13', 1063.59),
(741, 845, '2024-08-22', 151.76),
(742, 846, '2024-09-13', 869.11),
(743, 847, '2024-08-20', 706.44),
(744, 848, '2024-09-13', 918.02),
(745, 849, '2024-08-22', 1361.8),
(746, 850, '2024-08-27', 863.82),
(747, 851, '2024-09-13', 834.62),
(748, 852, '2024-08-18', 1805.14),
(749, 853, '2024-09-28', 976.91),
(750, 854, '2024-08-21', 1363.55),
(751, 855, '2024-08-20', 641.2),
(752, 856, '2024-09-01', 234.25),
(753, 857, '2024-08-17', 1221.01),
(754, 858, '2024-09-16', 89.61),
(755, 859, '2024-09-05', 1099.01),
(756, 860, '2024-10-05', 1719.46),
(757, 861, '2024-09-06', 653.36),
(758, 862, '2024-08-26', 1832.2),
(759, 863, '2024-09-10', 524.38),
(760, 864, '2024-08-23', 1696.55),
(761, 865, '2024-09-21', 573.2),
(762, 867, '2024-09-12', 1600.32),
(763, 869, '2024-09-18', 572.63),
(764, 870, '2024-09-04', 649.65),
(765, 872, '2024-09-10', 724.94),
(766, 873, '2024-09-28', 273.1),
(767, 875, '2024-09-23', 816.23),
(768, 876, '2024-10-12', 1110.97),
(769, 877, '2024-09-30', 331.21),
(770, 878, '2024-09-11', 273.05),
(771, 879, '2024-10-05', 568.09),
(772, 880, '2024-10-12', 1229.68),
(773, 881, '2024-09-19', 901.64),
(774, 882, '2024-09-16', 713.49),
(775, 883, '2024-10-12', 1435.32),
(776, 884, '2024-09-28', 284.42),
(777, 885, '2024-09-26', 535.33),
(778, 886, '2024-10-13', 1070.49),
(779, 887, '2024-09-11', 644.49),
(780, 890, '2024-10-18', 344.16),
(781, 891, '2024-09-13', 687.12),
(782, 892, '2024-10-06', 639.1),
(783, 893, '2024-09-14', 485.08),
(784, 894, '2024-09-15', 136.33),
(785, 895, '2024-10-04', 1035.81),
(786, 897, '2024-10-16', 426.36),
(787, 899, '2024-10-31', 1538.33),
(788, 900, '2024-09-25', 892.13),
(789, 902, '2024-10-11', 1456.03),
(790, 903, '2024-10-05', 1049.02),
(791, 904, '2024-09-28', 1439.11),
(792, 906, '2024-10-22', 895.47),
(793, 907, '2024-09-27', 1529.51),
(794, 908, '2024-09-23', 684.2),
(795, 909, '2024-10-14', 173.38),
(796, 910, '2024-10-02', 101.93),
(797, 912, '2024-10-28', 1039.48),
(798, 913, '2024-10-14', 979.26),
(799, 914, '2024-10-12', 603.07),
(800, 915, '2024-10-14', 1480.7),
(801, 916, '2024-09-28', 909.7),
(802, 917, '2024-10-22', 372.55),
(803, 918, '2024-10-14', 709.14),
(804, 919, '2024-10-04', 886.89),
(805, 920, '2024-10-12', 831.26),
(806, 921, '2024-10-05', 1148.35),
(807, 922, '2024-10-09', 360.09),
(808, 923, '2024-10-08', 303.97),
(809, 924, '2024-10-27', 490.12),
(810, 925, '2024-10-02', 1155.97),
(811, 926, '2024-10-15', 855.4),
(812, 928, '2024-10-13', 690.06),
(813, 929, '2024-11-12', 539.51),
(814, 930, '2024-10-20', 918.08),
(815, 931, '2024-10-20', 478.38),
(816, 932, '2024-10-05', 696.36),
(817, 933, '2024-11-04', 524.13),
(818, 934, '2024-10-21', 720.55),
(819, 935, '2024-11-07', 781.84),
(820, 936, '2024-10-16', 146.83),
(821, 937, '2024-11-09', 309.08),
(822, 938, '2024-10-16', 304.73),
(823, 939, '2024-10-25', 335.58),
(824, 940, '2024-10-27', 779.13),
(825, 941, '2024-10-09', 1433.37),
(826, 942, '2024-10-07', 1221.97),
(827, 943, '2024-10-23', 767.97),
(828, 945, '2024-10-18', 1245.31),
(829, 946, '2024-10-19', 619.5),
(830, 947, '2024-11-07', 652.27),
(831, 948, '2024-10-29', 966.45),
(832, 949, '2024-10-13', 1499.72),
(833, 950, '2024-10-09', 456.29),
(834, 951, '2024-10-05', 1171.11),
(835, 952, '2024-11-25', 323.39),
(836, 953, '2024-10-29', 595.35),
(837, 954, '2024-11-07', 139.87),
(838, 955, '2024-10-22', 1595.12),
(839, 957, '2024-11-11', 954.86),
(840, 958, '2024-10-26', 211.74),
(841, 959, '2024-12-01', 187.98),
(842, 960, '2024-11-27', 309.02),
(843, 961, '2024-11-04', 71.81),
(844, 962, '2024-11-03', 463.85),
(845, 963, '2024-11-21', 1846.98),
(846, 964, '2024-11-19', 711.49),
(847, 965, '2024-11-01', 999.05),
(848, 966, '2024-11-16', 388.07),
(849, 967, '2024-11-18', 711.84),
(850, 969, '2024-12-16', 1084.0),
(851, 971, '2024-11-28', 1347.04),
(852, 972, '2024-12-07', 450.68),
(853, 974, '2024-11-24', 888.24),
(854, 975, '2024-12-05', 1561.21),
(855, 977, '2024-11-13', 1007.68),
(856, 978, '2024-12-14', 81.52),
(857, 979, '2024-12-03', 419.09),
(858, 980, '2024-11-08', 319.89),
(859, 981, '2024-12-22', 1245.99),
(860, 982, '2024-12-15', 1064.69),
(861, 983, '2024-11-26', 1878.63),
(862, 984, '2024-12-18', 408.5),
(863, 985, '2024-12-08', 831.31),
(864, 986, '2024-12-16', 1534.3),
(865, 987, '2024-11-24', 611.89),
(866, 988, '2024-11-25', 1377.21),
(867, 989, '2024-11-26', 1224.7),
(868, 990, '2024-11-03', 1127.59),
(869, 991, '2024-12-01', 299.85),
(870, 992, '2024-11-18', 302.84),
(871, 993, '2024-11-15', 639.43),
(872, 994, '2024-11-25', 196.1),
(873, 995, '2024-11-23', 1105.49),
(874, 996, '2024-11-22', 95.86),
(875, 997, '2024-12-20', 1032.68),
(876, 998, '2024-12-21', 972.25),
(877, 999, '2024-12-01', 330.87),
(878, 1000, '2024-12-03', 273.69),
(879, 1001, '2024-11-14', 1700.44),
(880, 1002, '2024-11-27', 1492.56),
(881, 1003, '2025-01-17', 1107.53),
(882, 1004, '2024-12-19', 1220.4),
(883, 1007, '2024-11-17', 428.26),
(884, 1008, '2024-11-24', 204.43),
(885, 1009, '2024-11-25', 726.8),
(886, 1011, '2024-12-17', 1118.69),
(887, 1012, '2025-01-06', 167.12),
(888, 1013, '2025-01-19', 1317.45),
(889, 1014, '2024-12-18', 1838.37),
(890, 1015, '2025-01-12', 113.91),
(891, 1016, '2024-12-11', 606.45),
(892, 1017, '2025-01-19', 1596.62),
(893, 1018, '2024-12-30', 985.81),
(894, 1019, '2025-01-02', 557.34),
(895, 1020, '2024-12-19', 576.98),
(896, 1021, '2025-02-02', 1020.47),
(897, 1022, '2024-12-03', 1582.56),
(898, 1024, '2024-12-29', 572.75),
(899, 1025, '2025-01-21', 1192.3),
(900, 1026, '2024-12-23', 1101.48),
(901, 1027, '2024-12-29', 981.55),
(902, 1028, '2025-01-23', 411.49),
(903, 1029, '2024-12-24', 1559.69),
(904, 1031, '2025-01-13', 1561.67),
(905, 1032, '2024-12-28', 677.05),
(906, 1033, '2024-12-16', 1169.41),
(907, 1035, '2024-12-24', 592.86),
(908, 1036, '2024-12-25', 1152.47),
(909, 1038, '2025-01-09', 1610.46),
(910, 1039, '2025-01-12', 1667.2),
(911, 1042, '2024-12-23', 890.93),
(912, 1044, '2025-01-31', 771.84),
(913, 1045, '2024-12-28', 1213.57),
(914, 1046, '2025-01-02', 504.3),
(915, 1047, '2024-12-20', 466.79),
(916, 1048, '2025-01-05', 300.76),
(917, 1049, '2025-01-30', 1807.1),
(918, 1050, '2025-01-06', 1498.52),
(919, 1051, '2024-12-21', 1369.17),
(920, 1052, '2025-01-14', 744.67),
(921, 1053, '2025-01-05', 271.68),
(922, 1054, '2025-01-11', 1138.74),
(923, 1056, '2024-12-30', 1300.06),
(924, 1057, '2025-02-18', 387.26),
(925, 1058, '2025-01-23', 1320.34),
(926, 1059, '2025-02-02', 1303.73),
(927, 1060, '2024-12-31', 799.32),
(928, 1062, '2025-02-08', 779.39),
(929, 1063, '2025-01-27', 1206.46),
(930, 1064, '2025-01-30', 946.04),
(931, 1065, '2025-01-03', 850.31),
(932, 1066, '2025-01-25', 726.96),
(933, 1068, '2024-12-27', 1639.22),
(934, 1071, '2025-03-07', 1136.68),
(935, 1073, '2025-02-11', 1338.41),
(936, 1074, '2025-01-31', 1014.1),
(937, 1077, '2025-01-24', 1050.76),
(938, 1080, '2025-02-07', 1156.04),
(939, 1081, '2025-02-10', 1010.77),
(940, 1084, '2025-02-10', 1224.58),
(941, 1087, '2025-02-07', 153.24),
(942, 1090, '2025-03-02', 539.47);

INSERT INTO denials (denial_id, claim_id, denial_date, denial_code, denial_reason) VALUES
(1, 24, '2023-01-28', 'PR-1', 'Deductible amount'),
(2, 25, '2023-02-07', 'CO-11', 'Diagnosis inconsistent with procedure'),
(3, 35, '2023-02-07', 'CO-29', 'Time limit for filing expired'),
(4, 55, '2023-02-17', 'CO-11', 'Diagnosis inconsistent with procedure'),
(5, 74, '2023-02-21', 'PR-1', 'Deductible amount'),
(6, 77, '2023-02-24', 'CO-16', 'Claim lacks information needed for adjudication'),
(7, 82, '2023-03-05', 'CO-11', 'Diagnosis inconsistent with procedure'),
(8, 100, '2023-03-20', 'CO-29', 'Time limit for filing expired'),
(9, 102, '2023-03-20', 'CO-97', 'Benefit included in another service already adjudicated'),
(10, 103, '2023-03-23', 'CO-97', 'Benefit included in another service already adjudicated'),
(11, 112, '2023-03-27', 'CO-97', 'Benefit included in another service already adjudicated'),
(12, 126, '2023-04-14', 'PR-1', 'Deductible amount'),
(13, 132, '2023-04-08', 'CO-11', 'Diagnosis inconsistent with procedure'),
(14, 136, '2023-04-07', 'CO-11', 'Diagnosis inconsistent with procedure'),
(15, 137, '2023-04-21', 'CO-16', 'Claim lacks information needed for adjudication'),
(16, 147, '2023-04-15', 'CO-11', 'Diagnosis inconsistent with procedure'),
(17, 149, '2023-04-22', 'PR-1', 'Deductible amount'),
(18, 150, '2023-05-03', 'PR-1', 'Deductible amount'),
(19, 161, '2023-05-06', 'PR-1', 'Deductible amount'),
(20, 168, '2023-04-30', 'CO-16', 'Claim lacks information needed for adjudication'),
(21, 177, '2023-05-15', 'CO-50', 'Non-covered service, not medically necessary'),
(22, 179, '2023-05-07', 'PR-1', 'Deductible amount'),
(23, 180, '2023-05-17', 'CO-11', 'Diagnosis inconsistent with procedure'),
(24, 197, '2023-06-03', 'CO-50', 'Non-covered service, not medically necessary'),
(25, 208, '2023-06-01', 'CO-97', 'Benefit included in another service already adjudicated'),
(26, 222, '2023-06-17', 'CO-16', 'Claim lacks information needed for adjudication'),
(27, 223, '2023-06-15', 'CO-16', 'Claim lacks information needed for adjudication'),
(28, 241, '2023-06-19', 'PR-1', 'Deductible amount'),
(29, 255, '2023-07-14', 'CO-97', 'Benefit included in another service already adjudicated'),
(30, 281, '2023-07-17', 'PR-1', 'Deductible amount'),
(31, 283, '2023-07-17', 'CO-97', 'Benefit included in another service already adjudicated'),
(32, 287, '2023-07-17', 'CO-97', 'Benefit included in another service already adjudicated'),
(33, 292, '2023-07-29', 'CO-29', 'Time limit for filing expired'),
(34, 294, '2023-07-28', 'PR-1', 'Deductible amount'),
(35, 297, '2023-07-28', 'CO-11', 'Diagnosis inconsistent with procedure'),
(36, 307, '2023-07-30', 'CO-16', 'Claim lacks information needed for adjudication'),
(37, 310, '2023-08-12', 'CO-97', 'Benefit included in another service already adjudicated'),
(38, 327, '2023-08-29', 'CO-16', 'Claim lacks information needed for adjudication'),
(39, 334, '2023-09-03', 'CO-16', 'Claim lacks information needed for adjudication'),
(40, 336, '2023-08-31', 'CO-29', 'Time limit for filing expired'),
(41, 352, '2023-09-12', 'PR-1', 'Deductible amount'),
(42, 358, '2023-09-13', 'PR-1', 'Deductible amount'),
(43, 367, '2023-09-05', 'CO-97', 'Benefit included in another service already adjudicated'),
(44, 369, '2023-09-17', 'PR-1', 'Deductible amount'),
(45, 373, '2023-09-22', 'CO-16', 'Claim lacks information needed for adjudication'),
(46, 387, '2023-09-26', 'CO-16', 'Claim lacks information needed for adjudication'),
(47, 392, '2023-09-26', 'CO-29', 'Time limit for filing expired'),
(48, 411, '2023-10-19', 'CO-50', 'Non-covered service, not medically necessary'),
(49, 423, '2023-10-28', 'CO-50', 'Non-covered service, not medically necessary'),
(50, 435, '2023-11-01', 'PR-1', 'Deductible amount'),
(51, 443, '2023-10-31', 'CO-97', 'Benefit included in another service already adjudicated'),
(52, 446, '2023-11-03', 'CO-16', 'Claim lacks information needed for adjudication'),
(53, 449, '2023-11-09', 'CO-11', 'Diagnosis inconsistent with procedure'),
(54, 452, '2023-10-27', 'CO-11', 'Diagnosis inconsistent with procedure'),
(55, 454, '2023-11-07', 'CO-16', 'Claim lacks information needed for adjudication'),
(56, 473, '2023-11-22', 'CO-50', 'Non-covered service, not medically necessary'),
(57, 477, '2023-11-20', 'CO-50', 'Non-covered service, not medically necessary'),
(58, 479, '2023-12-04', 'CO-29', 'Time limit for filing expired'),
(59, 484, '2023-12-08', 'CO-16', 'Claim lacks information needed for adjudication'),
(60, 498, '2023-12-18', 'CO-11', 'Diagnosis inconsistent with procedure'),
(61, 499, '2023-12-14', 'CO-97', 'Benefit included in another service already adjudicated'),
(62, 502, '2023-12-21', 'PR-1', 'Deductible amount'),
(63, 505, '2023-12-12', 'CO-16', 'Claim lacks information needed for adjudication'),
(64, 507, '2023-12-22', 'CO-29', 'Time limit for filing expired'),
(65, 509, '2023-12-17', 'CO-11', 'Diagnosis inconsistent with procedure'),
(66, 511, '2023-12-14', 'PR-1', 'Deductible amount'),
(67, 539, '2024-01-12', 'PR-1', 'Deductible amount'),
(68, 557, '2024-01-30', 'CO-11', 'Diagnosis inconsistent with procedure'),
(69, 562, '2024-01-19', 'CO-97', 'Benefit included in another service already adjudicated'),
(70, 563, '2024-01-21', 'CO-50', 'Non-covered service, not medically necessary'),
(71, 577, '2024-02-02', 'CO-16', 'Claim lacks information needed for adjudication'),
(72, 579, '2024-02-04', 'CO-29', 'Time limit for filing expired'),
(73, 590, '2024-02-17', 'CO-16', 'Claim lacks information needed for adjudication'),
(74, 597, '2024-02-11', 'CO-29', 'Time limit for filing expired'),
(75, 600, '2024-02-17', 'CO-29', 'Time limit for filing expired'),
(76, 617, '2024-03-03', 'CO-11', 'Diagnosis inconsistent with procedure'),
(77, 618, '2024-02-28', 'CO-97', 'Benefit included in another service already adjudicated'),
(78, 621, '2024-02-24', 'CO-50', 'Non-covered service, not medically necessary'),
(79, 636, '2024-03-20', 'CO-11', 'Diagnosis inconsistent with procedure'),
(80, 637, '2024-03-12', 'CO-50', 'Non-covered service, not medically necessary'),
(81, 659, '2024-04-14', 'CO-11', 'Diagnosis inconsistent with procedure'),
(82, 660, '2024-04-11', 'CO-11', 'Diagnosis inconsistent with procedure'),
(83, 669, '2024-04-18', 'CO-50', 'Non-covered service, not medically necessary'),
(84, 675, '2024-04-15', 'PR-1', 'Deductible amount'),
(85, 684, '2024-04-23', 'CO-50', 'Non-covered service, not medically necessary'),
(86, 690, '2024-05-04', 'CO-16', 'Claim lacks information needed for adjudication'),
(87, 696, '2024-04-19', 'CO-97', 'Benefit included in another service already adjudicated'),
(88, 699, '2024-05-07', 'CO-97', 'Benefit included in another service already adjudicated'),
(89, 703, '2024-05-09', 'CO-50', 'Non-covered service, not medically necessary'),
(90, 710, '2024-05-02', 'CO-97', 'Benefit included in another service already adjudicated'),
(91, 715, '2024-05-07', 'CO-29', 'Time limit for filing expired'),
(92, 730, '2024-05-18', 'CO-29', 'Time limit for filing expired'),
(93, 754, '2024-06-04', 'CO-11', 'Diagnosis inconsistent with procedure'),
(94, 757, '2024-05-31', 'PR-1', 'Deductible amount'),
(95, 785, '2024-06-21', 'CO-29', 'Time limit for filing expired'),
(96, 790, '2024-06-18', 'CO-97', 'Benefit included in another service already adjudicated'),
(97, 796, '2024-07-03', 'CO-50', 'Non-covered service, not medically necessary'),
(98, 806, '2024-07-05', 'CO-16', 'Claim lacks information needed for adjudication'),
(99, 810, '2024-07-13', 'CO-11', 'Diagnosis inconsistent with procedure'),
(100, 818, '2024-06-30', 'CO-50', 'Non-covered service, not medically necessary'),
(101, 819, '2024-07-17', 'PR-1', 'Deductible amount'),
(102, 825, '2024-07-19', 'CO-29', 'Time limit for filing expired'),
(103, 828, '2024-07-27', 'CO-97', 'Benefit included in another service already adjudicated'),
(104, 833, '2024-07-28', 'CO-29', 'Time limit for filing expired'),
(105, 866, '2024-08-18', 'CO-50', 'Non-covered service, not medically necessary'),
(106, 868, '2024-08-08', 'PR-1', 'Deductible amount'),
(107, 871, '2024-08-17', 'CO-97', 'Benefit included in another service already adjudicated'),
(108, 874, '2024-08-21', 'CO-50', 'Non-covered service, not medically necessary'),
(109, 888, '2024-09-04', 'PR-1', 'Deductible amount'),
(110, 889, '2024-08-27', 'PR-1', 'Deductible amount'),
(111, 896, '2024-09-02', 'PR-1', 'Deductible amount'),
(112, 898, '2024-09-05', 'CO-97', 'Benefit included in another service already adjudicated'),
(113, 901, '2024-09-16', 'CO-11', 'Diagnosis inconsistent with procedure'),
(114, 905, '2024-09-10', 'CO-97', 'Benefit included in another service already adjudicated'),
(115, 911, '2024-09-16', 'CO-29', 'Time limit for filing expired'),
(116, 927, '2024-09-22', 'CO-16', 'Claim lacks information needed for adjudication'),
(117, 944, '2024-10-09', 'CO-16', 'Claim lacks information needed for adjudication'),
(118, 956, '2024-10-18', 'PR-1', 'Deductible amount'),
(119, 968, '2024-10-12', 'CO-29', 'Time limit for filing expired'),
(120, 970, '2024-10-19', 'CO-97', 'Benefit included in another service already adjudicated'),
(121, 973, '2024-10-18', 'CO-50', 'Non-covered service, not medically necessary'),
(122, 976, '2024-11-02', 'PR-1', 'Deductible amount'),
(123, 1005, '2024-11-07', 'PR-1', 'Deductible amount'),
(124, 1006, '2024-11-15', 'CO-11', 'Diagnosis inconsistent with procedure'),
(125, 1010, '2024-11-20', 'CO-97', 'Benefit included in another service already adjudicated'),
(126, 1023, '2024-12-09', 'CO-16', 'Claim lacks information needed for adjudication'),
(127, 1030, '2024-12-05', 'CO-16', 'Claim lacks information needed for adjudication'),
(128, 1034, '2024-12-05', 'CO-11', 'Diagnosis inconsistent with procedure'),
(129, 1037, '2024-11-30', 'CO-29', 'Time limit for filing expired'),
(130, 1040, '2024-12-12', 'CO-50', 'Non-covered service, not medically necessary'),
(131, 1041, '2024-12-17', 'CO-97', 'Benefit included in another service already adjudicated'),
(132, 1043, '2024-12-14', 'CO-16', 'Claim lacks information needed for adjudication'),
(133, 1055, '2024-12-18', 'CO-16', 'Claim lacks information needed for adjudication'),
(134, 1061, '2025-01-05', 'CO-97', 'Benefit included in another service already adjudicated'),
(135, 1070, '2024-12-29', 'CO-11', 'Diagnosis inconsistent with procedure'),
(136, 1089, '2025-01-25', 'CO-97', 'Benefit included in another service already adjudicated'),
(137, 1092, '2025-01-15', 'CO-11', 'Diagnosis inconsistent with procedure');
